drill,hole,ultrasonic_mse,ground_truth,adaptive_threshold
drill_4mm_04_batch_00_collet_1_30-01-2025,1,0.00017844125,0,0.0044129128
drill_4mm_04_batch_00_collet_1_30-01-2025,2,0.00161517,0,0.0044129128
drill_4mm_04_batch_00_collet_1_30-01-2025,3,0.0013070345,0,0.0044129128
drill_4mm_04_batch_00_collet_1_30-01-2025,4,0.0044700094,0,0.0044129128
drill_4mm_04_batch_00_collet_1_30-01-2025,5,0.0014386276,0,0.0044129128
drill_4mm_04_batch_00_collet_1_30-01-2025,6,0.796034,0,0.0044129128
drill_4mm_04_batch_00_collet_1_30-01-2025,7,4.6521354,0,0.0044129128
drill_4mm_04_batch_00_collet_1_30-01-2025,8,4.7465262,0,0.0044129128
drill_4mm_04_batch_00_collet_1_30-01-2025,9,7.0330176,0,0.0044129128
drill_4mm_04_batch_00_collet_1_30-01-2025,10,5.0116987,0,0.0044129128
drill_4mm_04_batch_00_collet_1_30-01-2025,11,11.829946,0,0.0044129128
drill_4mm_04_batch_00_collet_1_30-01-2025,12,13.361667,0,0.0044129128
drill_4mm_04_batch_00_collet_1_30-01-2025,13,14.841685,0,0.0044129128
drill_4mm_04_batch_00_collet_1_30-01-2025,14,17.860086,0,0.0044129128
drill_4mm_04_batch_00_collet_1_30-01-2025,15,17.25403,0,0.0044129128
drill_4mm_04_batch_00_collet_1_30-01-2025,16,20.561596,0,0.0044129128
drill_4mm_04_batch_00_collet_1_30-01-2025,17,23.7102,0,0.0044129128
drill_4mm_04_batch_00_collet_1_30-01-2025,18,19.692312,0,0.0044129128
drill_4mm_04_batch_00_collet_1_30-01-2025,19,24.108107,0,0.0044129128
drill_4mm_04_batch_00_collet_1_30-01-2025,20,21.478397,0,0.0044129128
drill_4mm_04_batch_00_collet_1_30-01-2025,21,21.05044,0,0.0044129128
drill_4mm_04_batch_00_collet_1_30-01-2025,22,16.364248,0,0.0044129128
drill_4mm_04_batch_00_collet_1_30-01-2025,23,17.9629,0,0.0044129128
drill_4mm_04_batch_00_collet_1_30-01-2025,24,16.016676,0,0.0044129128
drill_4mm_04_batch_00_collet_1_30-01-2025,25,13.018532,0,0.0044129128
drill_4mm_04_batch_00_collet_1_30-01-2025,26,13.338757,0,0.0044129128
drill_4mm_04_batch_00_collet_1_30-01-2025,27,14.250962,0,0.0044129128
drill_4mm_04_batch_00_collet_1_30-01-2025,28,16.118061,0,0.0044129128
drill_4mm_04_batch_00_collet_1_30-01-2025,29,10.825618,0,0.0044129128
drill_4mm_04_batch_00_collet_1_30-01-2025,30,17.768528,0,0.0044129128
drill_4mm_04_batch_00_collet_1_30-01-2025,31,4.013944,0,0.0044129128
drill_4mm_04_batch_00_collet_1_30-01-2025,32,2.3427708,0,0.0044129128
drill_4mm_04_batch_00_collet_1_30-01-2025,33,3.653704,0,0.0044129128
drill_4mm_04_batch_00_collet_1_30-01-2025,34,2.1612995,0,0.0044129128
drill_4mm_04_batch_00_collet_1_30-01-2025,35,2.4823666,0,0.0044129128
drill_4mm_04_batch_00_collet_1_30-01-2025,36,2.1513443,0,0.0044129128
drill_4mm_04_batch_00_collet_1_30-01-2025,37,4.628466,0,0.0044129128
drill_4mm_04_batch_00_collet_1_30-01-2025,38,8.092089,0,0.0044129128
drill_4mm_04_batch_00_collet_1_30-01-2025,39,35.605537,0,0.0044129128
drill_4mm_04_batch_00_collet_1_30-01-2025,40,9.120783,0,0.0044129128
drill_4mm_04_batch_00_collet_1_30-01-2025,41,9.858276,0,0.0044129128
drill_4mm_04_batch_00_collet_1_30-01-2025,42,13.104322,1,0.0044129128
drill_4mm_04_batch_00_collet_1_30-01-2025,43,16.386576,1,0.0044129128
drill_4mm_04_batch_00_collet_1_30-01-2025,44,21.92735,1,0.0044129128
drill_4mm_04_batch_00_collet_1_30-01-2025,45,17.77006,1,0.0044129128
drill_4mm_04_batch_00_collet_1_30-01-2025,46,18.960032,1,0.0044129128
drill_4mm_04_batch_00_collet_1_30-01-2025,47,22.434505,1,0.0044129128
drill_4mm_04_batch_00_collet_1_30-01-2025,48,16.802015,1,0.0044129128
drill_4mm_04_batch_00_collet_1_30-01-2025,49,42.891678,1,0.0044129128
drill_4mm_04_batch_00_collet_1_30-01-2025,50,18.81481,1,0.0044129128
drill_4mm_04_batch_00_collet_1_30-01-2025,51,17.632029,1,0.0044129128
drill_4mm_05_batch_00_collet_1_30-01-2025,1,8.275098e-05,0,0.005746726
drill_4mm_05_batch_00_collet_1_30-01-2025,2,0.0007861803,0,0.005746726
drill_4mm_05_batch_00_collet_1_30-01-2025,3,0.0058428687,0,0.005746726
drill_4mm_05_batch_00_collet_1_30-01-2025,4,0.0010357247,0,0.005746726
drill_4mm_05_batch_00_collet_1_30-01-2025,5,0.0001745846,0,0.005746726
drill_4mm_05_batch_00_collet_1_30-01-2025,6,0.55917144,0,0.005746726
drill_4mm_05_batch_00_collet_1_30-01-2025,7,0.9448811,0,0.005746726
drill_4mm_05_batch_00_collet_1_30-01-2025,8,1.4456575,0,0.005746726
drill_4mm_05_batch_00_collet_1_30-01-2025,9,1.8749095,0,0.005746726
drill_4mm_05_batch_00_collet_1_30-01-2025,10,1.4628661,0,0.005746726
drill_4mm_05_batch_00_collet_1_30-01-2025,11,3.0188375,0,0.005746726
drill_4mm_05_batch_00_collet_1_30-01-2025,12,2.3603554,0,0.005746726
drill_4mm_05_batch_00_collet_1_30-01-2025,13,7.514884,0,0.005746726
drill_4mm_05_batch_00_collet_1_30-01-2025,14,8.160927,0,0.005746726
drill_4mm_05_batch_00_collet_1_30-01-2025,15,12.538222,0,0.005746726
drill_4mm_05_batch_00_collet_1_30-01-2025,16,17.443913,0,0.005746726
drill_4mm_05_batch_00_collet_1_30-01-2025,17,11.075939,0,0.005746726
drill_4mm_05_batch_00_collet_1_30-01-2025,18,10.053196,0,0.005746726
drill_4mm_05_batch_00_collet_1_30-01-2025,19,8.204141,0,0.005746726
drill_4mm_05_batch_00_collet_1_30-01-2025,20,11.297375,0,0.005746726
drill_4mm_05_batch_00_collet_1_30-01-2025,21,17.693747,0,0.005746726
drill_4mm_05_batch_00_collet_1_30-01-2025,22,10.208871,0,0.005746726
drill_4mm_05_batch_00_collet_1_30-01-2025,23,9.26913,0,0.005746726
drill_4mm_05_batch_00_collet_1_30-01-2025,24,12.555513,0,0.005746726
drill_4mm_05_batch_00_collet_1_30-01-2025,25,8.203227,0,0.005746726
drill_4mm_05_batch_00_collet_1_30-01-2025,26,6.472904,0,0.005746726
drill_4mm_05_batch_00_collet_1_30-01-2025,27,6.5151787,0,0.005746726
drill_4mm_05_batch_00_collet_1_30-01-2025,28,4.6349573,0,0.005746726
drill_4mm_05_batch_00_collet_1_30-01-2025,29,13.1841545,0,0.005746726
drill_4mm_05_batch_00_collet_1_30-01-2025,30,11.556032,0,0.005746726
drill_4mm_05_batch_00_collet_1_30-01-2025,31,5.472764,0,0.005746726
drill_4mm_05_batch_00_collet_1_30-01-2025,32,8.034538,0,0.005746726
drill_4mm_05_batch_00_collet_1_30-01-2025,33,20.310452,0,0.005746726
drill_4mm_05_batch_00_collet_1_30-01-2025,34,8.732561,0,0.005746726
drill_4mm_05_batch_00_collet_1_30-01-2025,35,4.6018205,0,0.005746726
drill_4mm_05_batch_00_collet_1_30-01-2025,36,6.4235086,0,0.005746726
drill_4mm_05_batch_00_collet_1_30-01-2025,37,2.537746,0,0.005746726
drill_4mm_05_batch_00_collet_1_30-01-2025,38,5.4359646,0,0.005746726
drill_4mm_05_batch_00_collet_1_30-01-2025,39,6.846175,0,0.005746726
drill_4mm_05_batch_00_collet_1_30-01-2025,40,19.992731,0,0.005746726
drill_4mm_05_batch_00_collet_1_30-01-2025,41,6.332561,0,0.005746726
drill_4mm_05_batch_00_collet_1_30-01-2025,42,23.705832,0,0.005746726
drill_4mm_05_batch_00_collet_1_30-01-2025,43,18.308056,0,0.005746726
drill_4mm_05_batch_00_collet_1_30-01-2025,44,19.930496,0,0.005746726
drill_4mm_05_batch_00_collet_1_30-01-2025,45,24.039341,0,0.005746726
drill_4mm_05_batch_00_collet_1_30-01-2025,46,20.795332,0,0.005746726
drill_4mm_05_batch_00_collet_1_30-01-2025,47,25.266819,0,0.005746726
drill_4mm_05_batch_00_collet_1_30-01-2025,48,16.85153,0,0.005746726
drill_4mm_05_batch_00_collet_1_30-01-2025,49,20.389452,0,0.005746726
drill_4mm_05_batch_00_collet_1_30-01-2025,50,32.181355,0,0.005746726
drill_4mm_05_batch_00_collet_1_30-01-2025,51,14.949763,0,0.005746726
drill_4mm_05_batch_00_collet_1_30-01-2025,52,41.804825,0,0.005746726
drill_4mm_05_batch_00_collet_1_30-01-2025,53,15.148948,0,0.005746726
drill_4mm_05_batch_00_collet_1_30-01-2025,54,16.608202,0,0.005746726
drill_4mm_05_batch_00_collet_1_30-01-2025,55,28.540161,0,0.005746726
drill_4mm_05_batch_00_collet_1_30-01-2025,56,63.23692,0,0.005746726
drill_4mm_05_batch_00_collet_1_30-01-2025,57,25.658493,0,0.005746726
drill_4mm_05_batch_00_collet_1_30-01-2025,58,25.980385,0,0.005746726
drill_4mm_05_batch_00_collet_1_30-01-2025,59,27.380493,0,0.005746726
drill_4mm_05_batch_00_collet_1_30-01-2025,60,18.45885,0,0.005746726
drill_4mm_05_batch_00_collet_1_30-01-2025,61,49.87973,0,0.005746726
drill_4mm_05_batch_00_collet_1_30-01-2025,62,136.82939,0,0.005746726
drill_4mm_05_batch_00_collet_1_30-01-2025,63,51.333218,0,0.005746726
drill_4mm_05_batch_00_collet_1_30-01-2025,64,96.44427,0,0.005746726
drill_4mm_05_batch_00_collet_1_30-01-2025,65,28.104488,0,0.005746726
drill_4mm_05_batch_00_collet_1_30-01-2025,66,111.08012,0,0.005746726
drill_4mm_05_batch_00_collet_1_30-01-2025,67,71.33169,0,0.005746726
drill_4mm_05_batch_00_collet_1_30-01-2025,68,84.8886,0,0.005746726
drill_4mm_05_batch_00_collet_1_30-01-2025,69,183.08492,0,0.005746726
drill_4mm_05_batch_00_collet_1_30-01-2025,70,164.26178,0,0.005746726
drill_4mm_05_batch_00_collet_1_30-01-2025,71,209.36316,0,0.005746726
drill_4mm_05_batch_00_collet_1_30-01-2025,72,161.17654,0,0.005746726
drill_4mm_05_batch_00_collet_1_30-01-2025,73,150.83182,0,0.005746726
drill_4mm_05_batch_00_collet_1_30-01-2025,74,129.47986,0,0.005746726
drill_4mm_05_batch_00_collet_1_30-01-2025,75,220.17136,0,0.005746726
drill_4mm_05_batch_00_collet_1_30-01-2025,76,163.75645,0,0.005746726
drill_4mm_05_batch_00_collet_1_30-01-2025,77,118.55921,0,0.005746726
drill_4mm_05_batch_00_collet_1_30-01-2025,78,206.12572,0,0.005746726
drill_4mm_05_batch_00_collet_1_30-01-2025,79,178.77036,0,0.005746726
drill_4mm_05_batch_00_collet_1_30-01-2025,80,259.12656,0,0.005746726
drill_4mm_05_batch_00_collet_1_30-01-2025,81,187.67688,0,0.005746726
drill_4mm_05_batch_00_collet_1_30-01-2025,82,89.1772,0,0.005746726
drill_4mm_05_batch_00_collet_1_30-01-2025,83,199.73816,0,0.005746726
drill_4mm_05_batch_00_collet_1_30-01-2025,84,244.38264,0,0.005746726
drill_4mm_05_batch_00_collet_1_30-01-2025,85,267.26553,0,0.005746726
drill_4mm_05_batch_00_collet_1_30-01-2025,86,262.93094,1,0.005746726
drill_4mm_05_batch_00_collet_1_30-01-2025,87,173.30838,1,0.005746726
drill_4mm_05_batch_00_collet_1_30-01-2025,88,181.44952,1,0.005746726
drill_4mm_05_batch_00_collet_1_30-01-2025,89,273.5529,1,0.005746726
drill_4mm_05_batch_00_collet_1_30-01-2025,90,98.71345,1,0.005746726
drill_4mm_05_batch_00_collet_1_30-01-2025,91,185.69907,1,0.005746726
drill_4mm_05_batch_00_collet_1_30-01-2025,92,104.04925,1,0.005746726
drill_4mm_05_batch_00_collet_1_30-01-2025,93,32.754673,1,0.005746726
drill_4mm_05_batch_00_collet_1_30-01-2025,94,124.458336,1,0.005746726
drill_4mm_05_batch_00_collet_1_30-01-2025,95,299.22812,1,0.005746726
drill_4mm_05_batch_00_collet_1_30-01-2025,96,44.86606,1,0.005746726
drill_4mm_05_batch_00_collet_1_30-01-2025,97,187.52507,1,0.005746726
drill_4mm_05_batch_00_collet_1_30-01-2025,98,299.29877,1,0.005746726
drill_4mm_05_batch_00_collet_1_30-01-2025,99,269.70337,1,0.005746726
drill_4mm_05_batch_00_collet_1_30-01-2025,100,280.93442,1,0.005746726
drill_4mm_05_batch_00_collet_1_30-01-2025,101,300.18442,1,0.005746726
drill_4mm_05_batch_00_collet_1_30-01-2025,102,271.5659,1,0.005746726
drill_4mm_05_batch_00_collet_1_30-01-2025,103,324.8351,1,0.005746726
drill_4mm_05_batch_00_collet_1_30-01-2025,104,217.99814,1,0.005746726
drill_4mm_05_batch_00_collet_1_30-01-2025,105,290.92276,1,0.005746726
drill_4mm_05_batch_00_collet_1_30-01-2025,106,276.5851,1,0.005746726
drill_4mm_06_batch_00_collet_1_30-01-2025,1,2.7633369e-05,0,0.016574897
drill_4mm_06_batch_00_collet_1_30-01-2025,2,6.9821845e-06,0,0.016574897
drill_4mm_06_batch_00_collet_1_30-01-2025,3,0.016906569,0,0.016574897
drill_4mm_06_batch_00_collet_1_30-01-2025,4,2.7027549e-05,0,0.016574897
drill_4mm_06_batch_00_collet_1_30-01-2025,5,0.00032297676,0,0.016574897
drill_4mm_06_batch_00_collet_1_30-01-2025,6,1.6554013,0,0.016574897
drill_4mm_06_batch_00_collet_1_30-01-2025,7,4.240202,0,0.016574897
drill_4mm_06_batch_00_collet_1_30-01-2025,8,9.29566,0,0.016574897
drill_4mm_06_batch_00_collet_1_30-01-2025,9,28.285635,0,0.016574897
drill_4mm_06_batch_00_collet_1_30-01-2025,10,56.097355,0,0.016574897
drill_4mm_06_batch_00_collet_1_30-01-2025,11,87.0707,0,0.016574897
drill_4mm_06_batch_00_collet_1_30-01-2025,12,93.85241,0,0.016574897
drill_4mm_06_batch_00_collet_1_30-01-2025,13,97.31288,0,0.016574897
drill_4mm_06_batch_00_collet_1_30-01-2025,14,104.21304,0,0.016574897
drill_4mm_06_batch_00_collet_1_30-01-2025,15,134.40517,0,0.016574897
drill_4mm_06_batch_00_collet_1_30-01-2025,16,107.65725,0,0.016574897
drill_4mm_06_batch_00_collet_1_30-01-2025,17,100.19381,0,0.016574897
drill_4mm_06_batch_00_collet_1_30-01-2025,18,65.520615,0,0.016574897
drill_4mm_06_batch_00_collet_1_30-01-2025,19,84.70524,0,0.016574897
drill_4mm_06_batch_00_collet_1_30-01-2025,20,106.41733,0,0.016574897
drill_4mm_06_batch_00_collet_1_30-01-2025,21,113.05913,1,0.016574897
drill_4mm_06_batch_00_collet_1_30-01-2025,22,44.19985,1,0.016574897
drill_4mm_06_batch_00_collet_1_30-01-2025,23,109.51338,1,0.016574897
drill_4mm_06_batch_00_collet_1_30-01-2025,24,145.751,1,0.016574897
drill_4mm_06_batch_00_collet_1_30-01-2025,25,37.159092,1,0.016574897
drill_4mm_07_batch_00_collet_1_31-01-2025,1,0.00085421343,0,0.004887127
drill_4mm_07_batch_00_collet_1_31-01-2025,2,0.0049220645,0,0.004887127
drill_4mm_07_batch_00_collet_1_31-01-2025,3,0.003175191,0,0.004887127
drill_4mm_07_batch_00_collet_1_31-01-2025,4,6.1410155e-06,0,0.004887127
drill_4mm_07_batch_00_collet_1_31-01-2025,5,0.00023790906,0,0.004887127
drill_4mm_07_batch_00_collet_1_31-01-2025,6,1.5340455,0,0.004887127
drill_4mm_07_batch_00_collet_1_31-01-2025,7,6.5619516,0,0.004887127
drill_4mm_07_batch_00_collet_1_31-01-2025,8,9.163185,0,0.004887127
drill_4mm_07_batch_00_collet_1_31-01-2025,9,9.015727,0,0.004887127
drill_4mm_07_batch_00_collet_1_31-01-2025,10,5.6729407,0,0.004887127
drill_4mm_07_batch_00_collet_1_31-01-2025,11,9.549978,0,0.004887127
drill_4mm_07_batch_00_collet_1_31-01-2025,12,10.205795,0,0.004887127
drill_4mm_07_batch_00_collet_1_31-01-2025,13,13.961519,0,0.004887127
drill_4mm_07_batch_00_collet_1_31-01-2025,14,14.550014,0,0.004887127
drill_4mm_07_batch_00_collet_1_31-01-2025,15,12.774879,0,0.004887127
drill_4mm_07_batch_00_collet_1_31-01-2025,16,8.932274,0,0.004887127
drill_4mm_07_batch_00_collet_1_31-01-2025,17,10.00143,0,0.004887127
drill_4mm_07_batch_00_collet_1_31-01-2025,18,10.93616,0,0.004887127
drill_4mm_07_batch_00_collet_1_31-01-2025,19,7.327091,0,0.004887127
drill_4mm_07_batch_00_collet_1_31-01-2025,20,11.836011,0,0.004887127
drill_4mm_07_batch_00_collet_1_31-01-2025,21,10.13242,0,0.004887127
drill_4mm_07_batch_00_collet_1_31-01-2025,22,9.797011,0,0.004887127
drill_4mm_07_batch_00_collet_1_31-01-2025,23,9.926097,0,0.004887127
drill_4mm_07_batch_00_collet_1_31-01-2025,24,11.347639,0,0.004887127
drill_4mm_07_batch_00_collet_1_31-01-2025,25,12.019734,0,0.004887127
drill_4mm_07_batch_00_collet_1_31-01-2025,26,13.695083,0,0.004887127
drill_4mm_07_batch_00_collet_1_31-01-2025,27,12.359136,1,0.004887127
drill_4mm_07_batch_00_collet_1_31-01-2025,28,11.181566,1,0.004887127
drill_4mm_07_batch_00_collet_1_31-01-2025,29,13.455125,1,0.004887127
drill_4mm_07_batch_00_collet_1_31-01-2025,30,11.019955,1,0.004887127
drill_4mm_07_batch_00_collet_1_31-01-2025,31,3.8380454,1,0.004887127
drill_4mm_07_batch_00_collet_1_31-01-2025,32,5.2655153,1,0.004887127
drill_4mm_08_batch_00_collet_1_31-01-2025,1,0.00014987026,0,0.049031224
drill_4mm_08_batch_00_collet_1_31-01-2025,2,0.00032617903,0,0.049031224
drill_4mm_08_batch_00_collet_1_31-01-2025,3,0.04990917,0,0.049031224
drill_4mm_08_batch_00_collet_1_31-01-2025,4,0.0060117785,0,0.049031224
drill_4mm_08_batch_00_collet_1_31-01-2025,5,8.4009975e-05,0,0.049031224
drill_4mm_08_batch_00_collet_1_31-01-2025,6,0.65989697,0,0.049031224
drill_4mm_08_batch_00_collet_1_31-01-2025,7,14.154512,0,0.049031224
drill_4mm_08_batch_00_collet_1_31-01-2025,8,4.3181453,0,0.049031224
drill_4mm_08_batch_00_collet_1_31-01-2025,9,8.014732,0,0.049031224
drill_4mm_08_batch_00_collet_1_31-01-2025,10,4.267594,0,0.049031224
drill_4mm_08_batch_00_collet_1_31-01-2025,11,8.201865,0,0.049031224
drill_4mm_08_batch_00_collet_1_31-01-2025,12,7.2067423,0,0.049031224
drill_4mm_08_batch_00_collet_1_31-01-2025,13,6.5928025,0,0.049031224
drill_4mm_08_batch_00_collet_1_31-01-2025,14,7.920577,0,0.049031224
drill_4mm_08_batch_00_collet_1_31-01-2025,15,7.8584957,0,0.049031224
drill_4mm_08_batch_00_collet_1_31-01-2025,16,19.33904,0,0.049031224
drill_4mm_08_batch_00_collet_1_31-01-2025,17,5.7550287,0,0.049031224
drill_4mm_08_batch_00_collet_1_31-01-2025,18,7.690688,1,0.049031224
drill_4mm_08_batch_00_collet_1_31-01-2025,19,11.713952,1,0.049031224
drill_4mm_08_batch_00_collet_1_31-01-2025,20,92.28841,1,0.049031224
drill_4mm_08_batch_00_collet_1_31-01-2025,21,5.5362806,1,0.049031224
drill_4mm_09_batch_00_collet_1_31-01-2025,1,0.00034191803,0,0.008017957
drill_4mm_09_batch_00_collet_1_31-01-2025,2,0.008154952,0,0.008017957
drill_4mm_09_batch_00_collet_1_31-01-2025,3,0.0013052141,0,0.008017957
drill_4mm_09_batch_00_collet_1_31-01-2025,4,8.337207e-05,0,0.008017957
drill_4mm_09_batch_00_collet_1_31-01-2025,5,1.6454558e-05,0,0.008017957
drill_4mm_09_batch_00_collet_1_31-01-2025,6,1.6943423,0,0.008017957
drill_4mm_09_batch_00_collet_1_31-01-2025,7,1.9670581,0,0.008017957
drill_4mm_09_batch_00_collet_1_31-01-2025,8,3.0264452,0,0.008017957
drill_4mm_09_batch_00_collet_1_31-01-2025,9,6.57206,0,0.008017957
drill_4mm_09_batch_00_collet_1_31-01-2025,10,12.384016,0,0.008017957
drill_4mm_09_batch_00_collet_1_31-01-2025,11,21.670105,0,0.008017957
drill_4mm_09_batch_00_collet_1_31-01-2025,12,30.012323,0,0.008017957
drill_4mm_09_batch_00_collet_1_31-01-2025,13,39.25858,0,0.008017957
drill_4mm_09_batch_00_collet_1_31-01-2025,14,31.332272,0,0.008017957
drill_4mm_09_batch_00_collet_1_31-01-2025,15,40.714703,0,0.008017957
drill_4mm_09_batch_00_collet_1_31-01-2025,16,30.559937,0,0.008017957
drill_4mm_09_batch_00_collet_1_31-01-2025,17,35.10454,0,0.008017957
drill_4mm_09_batch_00_collet_1_31-01-2025,18,24.292278,0,0.008017957
drill_4mm_09_batch_00_collet_1_31-01-2025,19,24.58176,0,0.008017957
drill_4mm_09_batch_00_collet_1_31-01-2025,20,34.933777,0,0.008017957
drill_4mm_09_batch_00_collet_1_31-01-2025,21,33.636845,0,0.008017957
drill_4mm_09_batch_00_collet_1_31-01-2025,22,32.177402,0,0.008017957
drill_4mm_09_batch_00_collet_1_31-01-2025,23,29.241196,0,0.008017957
drill_4mm_09_batch_00_collet_1_31-01-2025,24,24.568037,0,0.008017957
drill_4mm_09_batch_00_collet_1_31-01-2025,25,22.209585,0,0.008017957
drill_4mm_09_batch_00_collet_1_31-01-2025,26,41.968445,0,0.008017957
drill_4mm_09_batch_00_collet_1_31-01-2025,27,44.50418,0,0.008017957
drill_4mm_09_batch_00_collet_1_31-01-2025,28,41.25999,0,0.008017957
drill_4mm_09_batch_00_collet_1_31-01-2025,29,55.859184,0,0.008017957
drill_4mm_09_batch_00_collet_1_31-01-2025,30,48.27586,0,0.008017957
drill_4mm_09_batch_00_collet_1_31-01-2025,31,27.182852,0,0.008017957
drill_4mm_09_batch_00_collet_1_31-01-2025,32,25.366533,0,0.008017957
drill_4mm_09_batch_00_collet_1_31-01-2025,33,25.701298,0,0.008017957
drill_4mm_09_batch_00_collet_1_31-01-2025,34,21.624254,0,0.008017957
drill_4mm_09_batch_00_collet_1_31-01-2025,35,21.098743,0,0.008017957
drill_4mm_09_batch_00_collet_1_31-01-2025,36,17.28239,0,0.008017957
drill_4mm_09_batch_00_collet_1_31-01-2025,37,12.127454,0,0.008017957
drill_4mm_09_batch_00_collet_1_31-01-2025,38,24.849125,0,0.008017957
drill_4mm_09_batch_00_collet_1_31-01-2025,39,26.225702,0,0.008017957
drill_4mm_09_batch_00_collet_1_31-01-2025,40,43.812702,0,0.008017957
drill_4mm_09_batch_00_collet_1_31-01-2025,41,48.530144,0,0.008017957
drill_4mm_09_batch_00_collet_1_31-01-2025,42,43.98504,1,0.008017957
drill_4mm_09_batch_00_collet_1_31-01-2025,43,49.11276,1,0.008017957
drill_4mm_09_batch_00_collet_1_31-01-2025,44,77.81461,1,0.008017957
drill_4mm_09_batch_00_collet_1_31-01-2025,45,47.22338,1,0.008017957
drill_4mm_09_batch_00_collet_1_31-01-2025,46,39.627594,1,0.008017957
drill_4mm_09_batch_00_collet_1_31-01-2025,47,36.624504,1,0.008017957
drill_4mm_09_batch_00_collet_1_31-01-2025,48,29.162392,1,0.008017957
drill_4mm_09_batch_00_collet_1_31-01-2025,49,26.48444,1,0.008017957
drill_4mm_09_batch_00_collet_1_31-01-2025,50,56.92752,1,0.008017957
drill_4mm_09_batch_00_collet_1_31-01-2025,51,55.889706,1,0.008017957
drill_4mm_11_batch_00_collet_1_05-02-2025,1,0.00014355498,0,0.007098081
drill_4mm_11_batch_00_collet_1_05-02-2025,2,0.0072160144,0,0.007098081
drill_4mm_11_batch_00_collet_1_05-02-2025,3,0.0007643634,0,0.007098081
drill_4mm_11_batch_00_collet_1_05-02-2025,4,0.0013193461,0,0.007098081
drill_4mm_11_batch_00_collet_1_05-02-2025,5,0.00016668104,0,0.007098081
drill_4mm_11_batch_00_collet_1_05-02-2025,6,1.9260479,0,0.007098081
drill_4mm_11_batch_00_collet_1_05-02-2025,7,10.0927105,0,0.007098081
drill_4mm_11_batch_00_collet_1_05-02-2025,8,18.898941,0,0.007098081
drill_4mm_11_batch_00_collet_1_05-02-2025,9,25.626602,0,0.007098081
drill_4mm_11_batch_00_collet_1_05-02-2025,10,55.532413,0,0.007098081
drill_4mm_11_batch_00_collet_1_05-02-2025,11,41.67492,0,0.007098081
drill_4mm_11_batch_00_collet_1_05-02-2025,12,42.48331,0,0.007098081
drill_4mm_11_batch_00_collet_1_05-02-2025,13,41.506958,0,0.007098081
drill_4mm_11_batch_00_collet_1_05-02-2025,14,35.444355,0,0.007098081
drill_4mm_11_batch_00_collet_1_05-02-2025,15,24.699158,0,0.007098081
drill_4mm_11_batch_00_collet_1_05-02-2025,16,25.535168,0,0.007098081
drill_4mm_11_batch_00_collet_1_05-02-2025,17,15.737077,1,0.007098081
drill_4mm_11_batch_00_collet_1_05-02-2025,18,20.173359,1,0.007098081
drill_4mm_11_batch_00_collet_1_05-02-2025,19,33.36717,1,0.007098081
drill_4mm_12_batch_01_collet_1_05-02-2025,1,1.9579502e-05,0,0.0032328677
drill_4mm_12_batch_01_collet_1_05-02-2025,2,0.0022387072,0,0.0032328677
drill_4mm_12_batch_01_collet_1_05-02-2025,3,0.0032531566,0,0.0032328677
drill_4mm_12_batch_01_collet_1_05-02-2025,4,0.00064709235,0,0.0032328677
drill_4mm_12_batch_01_collet_1_05-02-2025,5,1.4939293e-05,0,0.0032328677
drill_4mm_12_batch_01_collet_1_05-02-2025,6,6.3500147,0,0.0032328677
drill_4mm_12_batch_01_collet_1_05-02-2025,7,6.331252,0,0.0032328677
drill_4mm_12_batch_01_collet_1_05-02-2025,8,11.251619,0,0.0032328677
drill_4mm_12_batch_01_collet_1_05-02-2025,9,17.368391,0,0.0032328677
drill_4mm_12_batch_01_collet_1_05-02-2025,10,39.32012,0,0.0032328677
drill_4mm_12_batch_01_collet_1_05-02-2025,11,37.053032,0,0.0032328677
drill_4mm_12_batch_01_collet_1_05-02-2025,12,76.45969,0,0.0032328677
drill_4mm_12_batch_01_collet_1_05-02-2025,13,68.52032,0,0.0032328677
drill_4mm_12_batch_01_collet_1_05-02-2025,14,79.001434,0,0.0032328677
drill_4mm_12_batch_01_collet_1_05-02-2025,15,69.360214,1,0.0032328677
drill_4mm_12_batch_01_collet_1_05-02-2025,16,27.383188,1,0.0032328677
drill_4mm_12_batch_01_collet_1_05-02-2025,17,18.980879,1,0.0032328677
drill_4mm_13_batch_01_collet_1_05-02-2025,1,0.00018013727,0,0.0012252434
drill_4mm_13_batch_01_collet_1_05-02-2025,2,0.0012213963,0,0.0012252434
drill_4mm_13_batch_01_collet_1_05-02-2025,3,0.0012253219,0,0.0012252434
drill_4mm_13_batch_01_collet_1_05-02-2025,4,4.6250145e-05,0,0.0012252434
drill_4mm_13_batch_01_collet_1_05-02-2025,5,0.0001986327,0,0.0012252434
drill_4mm_13_batch_01_collet_1_05-02-2025,6,6.2564096,0,0.0012252434
drill_4mm_13_batch_01_collet_1_05-02-2025,7,3.6930568,0,0.0012252434
drill_4mm_13_batch_01_collet_1_05-02-2025,8,6.624481,0,0.0012252434
drill_4mm_13_batch_01_collet_1_05-02-2025,9,5.2595515,0,0.0012252434
drill_4mm_13_batch_01_collet_1_05-02-2025,10,7.528374,0,0.0012252434
drill_4mm_13_batch_01_collet_1_05-02-2025,11,5.3988657,0,0.0012252434
drill_4mm_13_batch_01_collet_1_05-02-2025,12,17.608524,0,0.0012252434
drill_4mm_13_batch_01_collet_1_05-02-2025,13,5.441915,0,0.0012252434
drill_4mm_13_batch_01_collet_1_05-02-2025,14,5.555811,0,0.0012252434
drill_4mm_13_batch_01_collet_1_05-02-2025,15,90.709,0,0.0012252434
drill_4mm_13_batch_01_collet_1_05-02-2025,16,5.3237543,1,0.0012252434
drill_4mm_13_batch_01_collet_1_05-02-2025,17,63.859684,1,0.0012252434
drill_4mm_13_batch_01_collet_1_05-02-2025,18,7.2126627,1,0.0012252434
drill_4mm_14_batch_01_collet_1_06-02-2025,1,9.2299015e-05,0,0.020385548
drill_4mm_14_batch_01_collet_1_06-02-2025,2,0.0047880197,0,0.020385548
drill_4mm_14_batch_01_collet_1_06-02-2025,3,0.020703865,0,0.020385548
drill_4mm_14_batch_01_collet_1_06-02-2025,4,0.0036878104,0,0.020385548
drill_4mm_14_batch_01_collet_1_06-02-2025,5,7.1977185e-05,0,0.020385548
drill_4mm_14_batch_01_collet_1_06-02-2025,6,1.2583915,0,0.020385548
drill_4mm_14_batch_01_collet_1_06-02-2025,7,1.6683092,0,0.020385548
drill_4mm_14_batch_01_collet_1_06-02-2025,8,3.785232,0,0.020385548
drill_4mm_14_batch_01_collet_1_06-02-2025,9,5.535764,0,0.020385548
drill_4mm_14_batch_01_collet_1_06-02-2025,10,7.169483,0,0.020385548
drill_4mm_14_batch_01_collet_1_06-02-2025,11,11.974577,0,0.020385548
drill_4mm_14_batch_01_collet_1_06-02-2025,12,13.174492,0,0.020385548
drill_4mm_14_batch_01_collet_1_06-02-2025,13,93.32843,0,0.020385548
drill_4mm_14_batch_01_collet_1_06-02-2025,14,11.511489,0,0.020385548
drill_4mm_14_batch_01_collet_1_06-02-2025,15,13.681973,0,0.020385548
drill_4mm_14_batch_01_collet_1_06-02-2025,16,10.662275,0,0.020385548
drill_4mm_14_batch_01_collet_1_06-02-2025,17,7.258561,1,0.020385548
drill_4mm_14_batch_01_collet_1_06-02-2025,18,11.8776045,1,0.020385548
drill_4mm_14_batch_01_collet_1_06-02-2025,19,15.289218,1,0.020385548
drill_4mm_14_batch_01_collet_1_06-02-2025,20,7.5488563,1,0.020385548
drill_4mm_15_batch_01_collet_1_06-02-2025,1,0.00076835265,0,0.0045109764
drill_4mm_15_batch_01_collet_1_06-02-2025,2,0.004581906,0,0.0045109764
drill_4mm_15_batch_01_collet_1_06-02-2025,3,0.00103542,0,0.0045109764
drill_4mm_15_batch_01_collet_1_06-02-2025,4,0.00013541603,0,0.0045109764
drill_4mm_15_batch_01_collet_1_06-02-2025,5,9.447311e-05,0,0.0045109764
drill_4mm_15_batch_01_collet_1_06-02-2025,6,1.48794,0,0.0045109764
drill_4mm_15_batch_01_collet_1_06-02-2025,7,3.3340442,0,0.0045109764
drill_4mm_15_batch_01_collet_1_06-02-2025,8,2.4367123,0,0.0045109764
drill_4mm_15_batch_01_collet_1_06-02-2025,9,2.4367166,0,0.0045109764
drill_4mm_15_batch_01_collet_1_06-02-2025,10,6.090932,0,0.0045109764
drill_4mm_15_batch_01_collet_1_06-02-2025,11,5.9186335,0,0.0045109764
drill_4mm_15_batch_01_collet_1_06-02-2025,12,6.167197,0,0.0045109764
drill_4mm_15_batch_01_collet_1_06-02-2025,13,13.934298,0,0.0045109764
drill_4mm_15_batch_01_collet_1_06-02-2025,14,17.21798,0,0.0045109764
drill_4mm_15_batch_01_collet_1_06-02-2025,15,11.259938,0,0.0045109764
drill_4mm_15_batch_01_collet_1_06-02-2025,16,11.62184,0,0.0045109764
drill_4mm_15_batch_01_collet_1_06-02-2025,17,21.054287,0,0.0045109764
drill_4mm_15_batch_01_collet_1_06-02-2025,18,18.596638,0,0.0045109764
drill_4mm_15_batch_01_collet_1_06-02-2025,19,19.684675,0,0.0045109764
drill_4mm_15_batch_01_collet_1_06-02-2025,20,28.45822,0,0.0045109764
drill_4mm_15_batch_01_collet_1_06-02-2025,21,23.219381,0,0.0045109764
drill_4mm_15_batch_01_collet_1_06-02-2025,22,31.455566,0,0.0045109764
drill_4mm_15_batch_01_collet_1_06-02-2025,23,34.002777,0,0.0045109764
drill_4mm_15_batch_01_collet_1_06-02-2025,24,36.5972,0,0.0045109764
drill_4mm_15_batch_01_collet_1_06-02-2025,25,36.288456,0,0.0045109764
drill_4mm_15_batch_01_collet_1_06-02-2025,26,32.028408,0,0.0045109764
drill_4mm_15_batch_01_collet_1_06-02-2025,27,29.25394,0,0.0045109764
drill_4mm_15_batch_01_collet_1_06-02-2025,28,41.075226,0,0.0045109764
drill_4mm_15_batch_01_collet_1_06-02-2025,29,41.96225,0,0.0045109764
drill_4mm_15_batch_01_collet_1_06-02-2025,30,34.651237,0,0.0045109764
drill_4mm_15_batch_01_collet_1_06-02-2025,31,4.912611,0,0.0045109764
drill_4mm_15_batch_01_collet_1_06-02-2025,32,20.972466,0,0.0045109764
drill_4mm_15_batch_01_collet_1_06-02-2025,33,26.135563,0,0.0045109764
drill_4mm_15_batch_01_collet_1_06-02-2025,34,23.917683,0,0.0045109764
drill_4mm_15_batch_01_collet_1_06-02-2025,35,26.180801,0,0.0045109764
drill_4mm_15_batch_01_collet_1_06-02-2025,36,25.187096,0,0.0045109764
drill_4mm_15_batch_01_collet_1_06-02-2025,37,19.903147,1,0.0045109764
drill_4mm_15_batch_01_collet_1_06-02-2025,38,18.772196,1,0.0045109764
drill_4mm_15_batch_01_collet_1_06-02-2025,39,7.1609015,1,0.0045109764
drill_4mm_15_batch_01_collet_1_06-02-2025,40,17.90348,1,0.0045109764
drill_4mm_15_batch_01_collet_1_06-02-2025,41,28.162533,1,0.0045109764
drill_4mm_15_batch_01_collet_1_06-02-2025,42,24.130482,1,0.0045109764
drill_4mm_15_batch_01_collet_1_06-02-2025,43,5.054877,1,0.0045109764
drill_4mm_15_batch_01_collet_1_06-02-2025,44,22.042448,1,0.0045109764
drill_4mm_17_batch_01_collet_1_06-02-2025,1,4.7456597e-05,0,0.0035793043
drill_4mm_17_batch_01_collet_1_06-02-2025,2,0.0034404716,0,0.0035793043
drill_4mm_17_batch_01_collet_1_06-02-2025,3,0.0035821376,0,0.0035793043
drill_4mm_17_batch_01_collet_1_06-02-2025,4,0.0004855749,0,0.0035793043
drill_4mm_17_batch_01_collet_1_06-02-2025,5,0.00021623567,0,0.0035793043
drill_4mm_17_batch_01_collet_1_06-02-2025,6,0.45070022,0,0.0035793043
drill_4mm_17_batch_01_collet_1_06-02-2025,7,0.86937284,0,0.0035793043
drill_4mm_17_batch_01_collet_1_06-02-2025,8,1.0635916,0,0.0035793043
drill_4mm_17_batch_01_collet_1_06-02-2025,9,3.9933598,0,0.0035793043
drill_4mm_17_batch_01_collet_1_06-02-2025,10,3.877396,0,0.0035793043
drill_4mm_17_batch_01_collet_1_06-02-2025,11,2.433967,0,0.0035793043
drill_4mm_17_batch_01_collet_1_06-02-2025,12,2.1277914,0,0.0035793043
drill_4mm_17_batch_01_collet_1_06-02-2025,13,5.874219,0,0.0035793043
drill_4mm_17_batch_01_collet_1_06-02-2025,14,7.4274983,0,0.0035793043
drill_4mm_17_batch_01_collet_1_06-02-2025,15,3.305524,0,0.0035793043
drill_4mm_17_batch_01_collet_1_06-02-2025,16,12.0464115,0,0.0035793043
drill_4mm_17_batch_01_collet_1_06-02-2025,17,3.1415176,1,0.0035793043
drill_4mm_17_batch_01_collet_1_06-02-2025,18,4.129315,1,0.0035793043
drill_4mm_17_batch_01_collet_1_06-02-2025,19,6.7049704,1,0.0035793043
drill_4mm_19_batch_02_collet_1_13-02-2025,1,2.764476e-05,0,0.005347684
drill_4mm_19_batch_02_collet_1_13-02-2025,2,0.0008473769,0,0.005347684
drill_4mm_19_batch_02_collet_1_13-02-2025,3,0.0025140652,0,0.005347684
drill_4mm_19_batch_02_collet_1_13-02-2025,4,0.005405513,0,0.005347684
drill_4mm_19_batch_02_collet_1_13-02-2025,5,0.0022609443,0,0.005347684
drill_4mm_19_batch_02_collet_1_13-02-2025,6,0.7759711,0,0.005347684
drill_4mm_19_batch_02_collet_1_13-02-2025,7,0.4397056,0,0.005347684
drill_4mm_19_batch_02_collet_1_13-02-2025,8,1.2330561,0,0.005347684
drill_4mm_19_batch_02_collet_1_13-02-2025,9,1.7717868,0,0.005347684
drill_4mm_19_batch_02_collet_1_13-02-2025,10,9.179406,0,0.005347684
drill_4mm_19_batch_02_collet_1_13-02-2025,11,4.591507,0,0.005347684
drill_4mm_19_batch_02_collet_1_13-02-2025,12,3.2798803,0,0.005347684
drill_4mm_19_batch_02_collet_1_13-02-2025,13,4.8046556,0,0.005347684
drill_4mm_19_batch_02_collet_1_13-02-2025,14,11.27354,0,0.005347684
drill_4mm_19_batch_02_collet_1_13-02-2025,15,5.323356,0,0.005347684
drill_4mm_19_batch_02_collet_1_13-02-2025,16,17.021963,0,0.005347684
drill_4mm_19_batch_02_collet_1_13-02-2025,17,16.04193,0,0.005347684
drill_4mm_19_batch_02_collet_1_13-02-2025,18,18.685635,0,0.005347684
drill_4mm_19_batch_02_collet_1_13-02-2025,19,21.095955,0,0.005347684
drill_4mm_19_batch_02_collet_1_13-02-2025,20,25.358093,0,0.005347684
drill_4mm_19_batch_02_collet_1_13-02-2025,21,19.34144,0,0.005347684
drill_4mm_19_batch_02_collet_1_13-02-2025,22,20.45127,0,0.005347684
drill_4mm_19_batch_02_collet_1_13-02-2025,23,15.892561,0,0.005347684
drill_4mm_19_batch_02_collet_1_13-02-2025,24,19.725399,0,0.005347684
drill_4mm_19_batch_02_collet_1_13-02-2025,25,20.748451,0,0.005347684
drill_4mm_19_batch_02_collet_1_13-02-2025,26,17.836103,0,0.005347684
drill_4mm_19_batch_02_collet_1_13-02-2025,27,25.083725,0,0.005347684
drill_4mm_19_batch_02_collet_1_13-02-2025,28,20.108463,0,0.005347684
drill_4mm_19_batch_02_collet_1_13-02-2025,29,21.935104,0,0.005347684
drill_4mm_19_batch_02_collet_1_13-02-2025,30,18.360104,0,0.005347684
drill_4mm_19_batch_02_collet_1_13-02-2025,31,21.561453,0,0.005347684
drill_4mm_19_batch_02_collet_1_13-02-2025,32,17.804617,0,0.005347684
drill_4mm_19_batch_02_collet_1_13-02-2025,33,19.413322,0,0.005347684
drill_4mm_19_batch_02_collet_1_13-02-2025,34,21.71851,0,0.005347684
drill_4mm_19_batch_02_collet_1_13-02-2025,35,23.437418,0,0.005347684
drill_4mm_19_batch_02_collet_1_13-02-2025,36,17.904861,0,0.005347684
drill_4mm_19_batch_02_collet_1_13-02-2025,37,20.533152,0,0.005347684
drill_4mm_19_batch_02_collet_1_13-02-2025,38,12.66585,0,0.005347684
drill_4mm_19_batch_02_collet_1_13-02-2025,39,14.385337,0,0.005347684
drill_4mm_19_batch_02_collet_1_13-02-2025,40,18.883589,0,0.005347684
drill_4mm_19_batch_02_collet_1_13-02-2025,41,20.873234,0,0.005347684
drill_4mm_19_batch_02_collet_1_13-02-2025,42,25.443653,0,0.005347684
drill_4mm_19_batch_02_collet_1_13-02-2025,43,15.550434,0,0.005347684
drill_4mm_19_batch_02_collet_1_13-02-2025,44,22.083189,1,0.005347684
drill_4mm_19_batch_02_collet_1_13-02-2025,45,18.922789,1,0.005347684
drill_4mm_19_batch_02_collet_1_13-02-2025,46,13.835055,1,0.005347684
drill_4mm_19_batch_02_collet_1_13-02-2025,47,21.092485,1,0.005347684
drill_4mm_19_batch_02_collet_1_13-02-2025,48,16.725546,1,0.005347684
drill_4mm_19_batch_02_collet_1_13-02-2025,49,21.806772,1,0.005347684
drill_4mm_19_batch_02_collet_1_13-02-2025,50,15.641341,1,0.005347684
drill_4mm_19_batch_02_collet_1_13-02-2025,51,17.213482,1,0.005347684
drill_4mm_19_batch_02_collet_1_13-02-2025,52,16.00281,1,0.005347684
drill_4mm_19_batch_02_collet_1_13-02-2025,53,21.51591,1,0.005347684
drill_4mm_20_batch_03_collet_1_13-02-2025,1,0.00026117585,0,0.008540878
drill_4mm_20_batch_03_collet_1_13-02-2025,2,0.008595695,0,0.008540878
drill_4mm_20_batch_03_collet_1_13-02-2025,3,0.005854861,0,0.008540878
drill_4mm_20_batch_03_collet_1_13-02-2025,4,0.00023777134,0,0.008540878
drill_4mm_20_batch_03_collet_1_13-02-2025,5,7.1160866e-05,0,0.008540878
drill_4mm_20_batch_03_collet_1_13-02-2025,6,4.707798,0,0.008540878
drill_4mm_20_batch_03_collet_1_13-02-2025,7,3.138721,0,0.008540878
drill_4mm_20_batch_03_collet_1_13-02-2025,8,3.004617,0,0.008540878
drill_4mm_20_batch_03_collet_1_13-02-2025,9,2.602972,0,0.008540878
drill_4mm_20_batch_03_collet_1_13-02-2025,10,4.898113,0,0.008540878
drill_4mm_20_batch_03_collet_1_13-02-2025,11,3.759405,0,0.008540878
drill_4mm_20_batch_03_collet_1_13-02-2025,12,4.0865602,0,0.008540878
drill_4mm_20_batch_03_collet_1_13-02-2025,13,14.40153,0,0.008540878
drill_4mm_20_batch_03_collet_1_13-02-2025,14,2.8175175,0,0.008540878
drill_4mm_20_batch_03_collet_1_13-02-2025,15,4.880047,0,0.008540878
drill_4mm_20_batch_03_collet_1_13-02-2025,16,5.561663,0,0.008540878
drill_4mm_20_batch_03_collet_1_13-02-2025,17,5.6812553,0,0.008540878
drill_4mm_20_batch_03_collet_1_13-02-2025,18,3.9271762,0,0.008540878
drill_4mm_20_batch_03_collet_1_13-02-2025,19,2.7456682,0,0.008540878
drill_4mm_20_batch_03_collet_1_13-02-2025,20,3.6785853,0,0.008540878
drill_4mm_20_batch_03_collet_1_13-02-2025,21,2.917468,0,0.008540878
drill_4mm_20_batch_03_collet_1_13-02-2025,22,2.9993532,0,0.008540878
drill_4mm_20_batch_03_collet_1_13-02-2025,23,5.5728173,0,0.008540878
drill_4mm_20_batch_03_collet_1_13-02-2025,24,6.9377756,0,0.008540878
drill_4mm_20_batch_03_collet_1_13-02-2025,25,3.8433769,0,0.008540878
drill_4mm_20_batch_03_collet_1_13-02-2025,26,4.4675746,0,0.008540878
drill_4mm_20_batch_03_collet_1_13-02-2025,27,1.9799551,0,0.008540878
drill_4mm_20_batch_03_collet_1_13-02-2025,28,3.318439,0,0.008540878
drill_4mm_20_batch_03_collet_1_13-02-2025,29,6.3142104,1,0.008540878
drill_4mm_20_batch_03_collet_1_13-02-2025,30,3.5869238,1,0.008540878
drill_4mm_20_batch_03_collet_1_13-02-2025,31,8.121984,1,0.008540878
drill_4mm_20_batch_03_collet_1_13-02-2025,32,4.15799,1,0.008540878
drill_4mm_20_batch_03_collet_1_13-02-2025,33,21.163588,1,0.008540878
drill_4mm_20_batch_03_collet_1_13-02-2025,34,3.3227255,1,0.008540878
drill_4mm_20_batch_03_collet_1_13-02-2025,35,12.5916395,1,0.008540878
drill_4mm_21_batch_02_collet_2_14-02-2025,1,0.00022866373,0,0.030773109
drill_4mm_21_batch_02_collet_2_14-02-2025,2,0.00025888177,0,0.030773109
drill_4mm_21_batch_02_collet_2_14-02-2025,3,0.0026993284,0,0.030773109
drill_4mm_21_batch_02_collet_2_14-02-2025,4,0.03120797,0,0.030773109
drill_4mm_21_batch_02_collet_2_14-02-2025,5,0.009464896,0,0.030773109
drill_4mm_21_batch_02_collet_2_14-02-2025,6,0.72727764,0,0.030773109
drill_4mm_21_batch_02_collet_2_14-02-2025,7,3.4686015,0,0.030773109
drill_4mm_21_batch_02_collet_2_14-02-2025,8,4.376275,0,0.030773109
drill_4mm_21_batch_02_collet_2_14-02-2025,9,5.034026,0,0.030773109
drill_4mm_21_batch_02_collet_2_14-02-2025,10,4.70514,0,0.030773109
drill_4mm_21_batch_02_collet_2_14-02-2025,11,5.00362,0,0.030773109
drill_4mm_21_batch_02_collet_2_14-02-2025,12,3.6169593,0,0.030773109
drill_4mm_21_batch_02_collet_2_14-02-2025,13,26.187723,0,0.030773109
drill_4mm_21_batch_02_collet_2_14-02-2025,14,5.3028626,0,0.030773109
drill_4mm_21_batch_02_collet_2_14-02-2025,15,2.4107964,0,0.030773109
drill_4mm_21_batch_02_collet_2_14-02-2025,16,2.3587253,0,0.030773109
drill_4mm_21_batch_02_collet_2_14-02-2025,17,5.695849,0,0.030773109
drill_4mm_21_batch_02_collet_2_14-02-2025,18,3.5403054,0,0.030773109
drill_4mm_21_batch_02_collet_2_14-02-2025,19,3.1904638,0,0.030773109
drill_4mm_21_batch_02_collet_2_14-02-2025,20,2.8092961,0,0.030773109
drill_4mm_21_batch_02_collet_2_14-02-2025,21,2.8727305,0,0.030773109
drill_4mm_21_batch_02_collet_2_14-02-2025,22,13.983696,0,0.030773109
drill_4mm_21_batch_02_collet_2_14-02-2025,23,4.854812,0,0.030773109
drill_4mm_21_batch_02_collet_2_14-02-2025,24,24.996265,1,0.030773109
drill_4mm_21_batch_02_collet_2_14-02-2025,25,4.432334,1,0.030773109
drill_4mm_21_batch_02_collet_2_14-02-2025,26,27.774021,1,0.030773109
drill_4mm_21_batch_02_collet_2_14-02-2025,27,4.7113757,1,0.030773109
drill_4mm_21_batch_02_collet_2_14-02-2025,28,16.567764,1,0.030773109
drill_4mm_22_batch_03_collet_2_14-02-2025,1,4.462486e-06,0,0.010962919
drill_4mm_22_batch_03_collet_2_14-02-2025,2,6.0086637e-05,0,0.010962919
drill_4mm_22_batch_03_collet_2_14-02-2025,3,0.008171928,0,0.010962919
drill_4mm_22_batch_03_collet_2_14-02-2025,4,0.011019878,0,0.010962919
drill_4mm_22_batch_03_collet_2_14-02-2025,5,9.163436e-05,0,0.010962919
drill_4mm_22_batch_03_collet_2_14-02-2025,6,0.77302045,0,0.010962919
drill_4mm_22_batch_03_collet_2_14-02-2025,7,1.7273176,0,0.010962919
drill_4mm_22_batch_03_collet_2_14-02-2025,8,2.126562,0,0.010962919
drill_4mm_22_batch_03_collet_2_14-02-2025,9,2.75851,0,0.010962919
drill_4mm_22_batch_03_collet_2_14-02-2025,10,3.1209753,0,0.010962919
drill_4mm_22_batch_03_collet_2_14-02-2025,11,2.4053683,0,0.010962919
drill_4mm_22_batch_03_collet_2_14-02-2025,12,3.2795653,0,0.010962919
drill_4mm_22_batch_03_collet_2_14-02-2025,13,1.5821555,0,0.010962919
drill_4mm_22_batch_03_collet_2_14-02-2025,14,2.5063689,0,0.010962919
drill_4mm_22_batch_03_collet_2_14-02-2025,15,2.4539135,0,0.010962919
drill_4mm_22_batch_03_collet_2_14-02-2025,16,5.289786,0,0.010962919
drill_4mm_22_batch_03_collet_2_14-02-2025,17,9.022625,0,0.010962919
drill_4mm_22_batch_03_collet_2_14-02-2025,18,8.540648,0,0.010962919
drill_4mm_22_batch_03_collet_2_14-02-2025,19,9.446498,0,0.010962919
drill_4mm_22_batch_03_collet_2_14-02-2025,20,7.633451,0,0.010962919
drill_4mm_22_batch_03_collet_2_14-02-2025,21,12.758165,1,0.010962919
drill_4mm_22_batch_03_collet_2_14-02-2025,22,22.938982,1,0.010962919
drill_4mm_22_batch_03_collet_2_14-02-2025,23,21.843689,1,0.010962919
drill_4mm_22_batch_03_collet_2_14-02-2025,24,24.035748,1,0.010962919
drill_4mm_23_batch_01_collet_2_14-02-2025,1,1.4821327e-06,0,0.013759374
drill_4mm_23_batch_01_collet_2_14-02-2025,2,0.00090451154,0,0.013759374
drill_4mm_23_batch_01_collet_2_14-02-2025,3,0.009193161,0,0.013759374
drill_4mm_23_batch_01_collet_2_14-02-2025,4,0.013852562,0,0.013759374
drill_4mm_23_batch_01_collet_2_14-02-2025,5,7.2078816e-05,0,0.013759374
drill_4mm_23_batch_01_collet_2_14-02-2025,6,3.8193755,0,0.013759374
drill_4mm_23_batch_01_collet_2_14-02-2025,7,2.6377583,0,0.013759374
drill_4mm_23_batch_01_collet_2_14-02-2025,8,2.8577237,0,0.013759374
drill_4mm_23_batch_01_collet_2_14-02-2025,9,4.127708,0,0.013759374
drill_4mm_23_batch_01_collet_2_14-02-2025,10,4.6470456,0,0.013759374
drill_4mm_23_batch_01_collet_2_14-02-2025,11,6.9528313,0,0.013759374
drill_4mm_23_batch_01_collet_2_14-02-2025,12,7.4335704,0,0.013759374
drill_4mm_23_batch_01_collet_2_14-02-2025,13,7.1423383,0,0.013759374
drill_4mm_23_batch_01_collet_2_14-02-2025,14,9.71829,0,0.013759374
drill_4mm_23_batch_01_collet_2_14-02-2025,15,9.417785,0,0.013759374
drill_4mm_23_batch_01_collet_2_14-02-2025,16,8.446605,0,0.013759374
drill_4mm_23_batch_01_collet_2_14-02-2025,17,7.594889,0,0.013759374
drill_4mm_23_batch_01_collet_2_14-02-2025,18,7.774955,0,0.013759374
drill_4mm_23_batch_01_collet_2_14-02-2025,19,6.611586,0,0.013759374
drill_4mm_23_batch_01_collet_2_14-02-2025,20,7.240867,0,0.013759374
drill_4mm_23_batch_01_collet_2_14-02-2025,21,8.615616,0,0.013759374
drill_4mm_23_batch_01_collet_2_14-02-2025,22,8.307778,0,0.013759374
drill_4mm_23_batch_01_collet_2_14-02-2025,23,6.281776,0,0.013759374
drill_4mm_23_batch_01_collet_2_14-02-2025,24,5.528528,0,0.013759374
drill_4mm_23_batch_01_collet_2_14-02-2025,25,5.8339067,0,0.013759374
drill_4mm_23_batch_01_collet_2_14-02-2025,26,24.608366,0,0.013759374
drill_4mm_23_batch_01_collet_2_14-02-2025,27,8.288439,0,0.013759374
drill_4mm_23_batch_01_collet_2_14-02-2025,28,15.923695,0,0.013759374
drill_4mm_23_batch_01_collet_2_14-02-2025,29,10.589305,0,0.013759374
drill_4mm_23_batch_01_collet_2_14-02-2025,30,9.365802,0,0.013759374
drill_4mm_23_batch_01_collet_2_14-02-2025,31,7.1559944,0,0.013759374
drill_4mm_23_batch_01_collet_2_14-02-2025,32,11.241964,0,0.013759374
drill_4mm_23_batch_01_collet_2_14-02-2025,33,41.23955,1,0.013759374
drill_4mm_23_batch_01_collet_2_14-02-2025,34,11.024927,1,0.013759374
drill_4mm_23_batch_01_collet_2_14-02-2025,35,9.632422,1,0.013759374
drill_4mm_23_batch_01_collet_2_14-02-2025,36,16.062836,1,0.013759374
drill_4mm_23_batch_01_collet_2_14-02-2025,37,14.943284,1,0.013759374
drill_4mm_23_batch_01_collet_2_14-02-2025,38,19.422453,1,0.013759374
drill_4mm_23_batch_01_collet_2_14-02-2025,39,16.04638,1,0.013759374
drill_4mm_23_batch_01_collet_2_14-02-2025,40,7.219579,1,0.013759374
