drill,hole,prob_xgb,label_real,threshold_xgb
drill_4mm_04_batch_00_collet_1_30-01-2025,1,0.0019267658,0,0.1
drill_4mm_04_batch_00_collet_1_30-01-2025,2,0.0013913977,0,0.1
drill_4mm_04_batch_00_collet_1_30-01-2025,3,0.0011888468,0,0.1
drill_4mm_04_batch_00_collet_1_30-01-2025,4,0.0009212273,0,0.1
drill_4mm_04_batch_00_collet_1_30-01-2025,5,0.0015131349,0,0.1
drill_4mm_04_batch_00_collet_1_30-01-2025,6,0.0013321394,0,0.1
drill_4mm_04_batch_00_collet_1_30-01-2025,7,0.0069255214,0,0.1
drill_4mm_04_batch_00_collet_1_30-01-2025,8,0.0039444794,0,0.1
drill_4mm_04_batch_00_collet_1_30-01-2025,9,0.0024317466,0,0.1
drill_4mm_04_batch_00_collet_1_30-01-2025,10,0.0029400617,0,0.1
drill_4mm_04_batch_00_collet_1_30-01-2025,11,0.0009192598,0,0.1
drill_4mm_04_batch_00_collet_1_30-01-2025,12,0.0009936284,0,0.1
drill_4mm_04_batch_00_collet_1_30-01-2025,13,0.003249826,0,0.1
drill_4mm_04_batch_00_collet_1_30-01-2025,14,0.0016487349,0,0.1
drill_4mm_04_batch_00_collet_1_30-01-2025,15,0.0009544029,0,0.1
drill_4mm_04_batch_00_collet_1_30-01-2025,16,0.0010240035,0,0.1
drill_4mm_04_batch_00_collet_1_30-01-2025,17,0.0012142158,0,0.1
drill_4mm_04_batch_00_collet_1_30-01-2025,18,0.0006607147,0,0.1
drill_4mm_04_batch_00_collet_1_30-01-2025,19,0.0012786533,0,0.1
drill_4mm_04_batch_00_collet_1_30-01-2025,20,0.0011306772,0,0.1
drill_4mm_04_batch_00_collet_1_30-01-2025,21,0.0027138742,0,0.1
drill_4mm_04_batch_00_collet_1_30-01-2025,22,0.000795678,0,0.1
drill_4mm_04_batch_00_collet_1_30-01-2025,23,0.0013026983,0,0.1
drill_4mm_04_batch_00_collet_1_30-01-2025,24,0.0016279985,0,0.1
drill_4mm_04_batch_00_collet_1_30-01-2025,25,0.0011070464,0,0.1
drill_4mm_04_batch_00_collet_1_30-01-2025,26,0.0013842217,0,0.1
drill_4mm_04_batch_00_collet_1_30-01-2025,27,0.00278213,0,0.1
drill_4mm_04_batch_00_collet_1_30-01-2025,28,0.0023168582,0,0.1
drill_4mm_04_batch_00_collet_1_30-01-2025,29,0.0015267232,0,0.1
drill_4mm_04_batch_00_collet_1_30-01-2025,30,0.07575212,0,0.1
drill_4mm_04_batch_00_collet_1_30-01-2025,31,0.007429526,0,0.1
drill_4mm_04_batch_00_collet_1_30-01-2025,32,0.0020659813,0,0.1
drill_4mm_04_batch_00_collet_1_30-01-2025,33,0.0020730165,0,0.1
drill_4mm_04_batch_00_collet_1_30-01-2025,34,0.0012219598,0,0.1
drill_4mm_04_batch_00_collet_1_30-01-2025,35,0.00070024515,0,0.1
drill_4mm_04_batch_00_collet_1_30-01-2025,36,0.0013533598,0,0.1
drill_4mm_04_batch_00_collet_1_30-01-2025,37,0.00078757893,0,0.1
drill_4mm_04_batch_00_collet_1_30-01-2025,38,0.0012149799,0,0.1
drill_4mm_04_batch_00_collet_1_30-01-2025,39,0.9189127,0,0.1
drill_4mm_04_batch_00_collet_1_30-01-2025,40,0.000912585,0,0.1
drill_4mm_04_batch_00_collet_1_30-01-2025,41,0.0008906038,0,0.1
drill_4mm_04_batch_00_collet_1_30-01-2025,42,0.0010932388,1,0.1
drill_4mm_04_batch_00_collet_1_30-01-2025,43,0.0008559794,1,0.1
drill_4mm_04_batch_00_collet_1_30-01-2025,44,0.0017813592,1,0.1
drill_4mm_04_batch_00_collet_1_30-01-2025,45,0.00083895016,1,0.1
drill_4mm_04_batch_00_collet_1_30-01-2025,46,0.0009780863,1,0.1
drill_4mm_04_batch_00_collet_1_30-01-2025,47,0.0016539288,1,0.1
drill_4mm_04_batch_00_collet_1_30-01-2025,48,0.0005263105,1,0.1
drill_4mm_04_batch_00_collet_1_30-01-2025,49,0.9222197,1,0.1
drill_4mm_04_batch_00_collet_1_30-01-2025,50,0.07183586,1,0.1
drill_4mm_04_batch_00_collet_1_30-01-2025,51,0.00074007985,1,0.1
drill_4mm_05_batch_00_collet_1_30-01-2025,1,0.0057245684,0,0.1
drill_4mm_05_batch_00_collet_1_30-01-2025,2,0.001305312,0,0.1
drill_4mm_05_batch_00_collet_1_30-01-2025,3,0.00089347793,0,0.1
drill_4mm_05_batch_00_collet_1_30-01-2025,4,0.00066866155,0,0.1
drill_4mm_05_batch_00_collet_1_30-01-2025,5,0.00054781075,0,0.1
drill_4mm_05_batch_00_collet_1_30-01-2025,6,0.0008601975,0,0.1
drill_4mm_05_batch_00_collet_1_30-01-2025,7,0.0010667213,0,0.1
drill_4mm_05_batch_00_collet_1_30-01-2025,8,0.004801871,0,0.1
drill_4mm_05_batch_00_collet_1_30-01-2025,9,0.002448202,0,0.1
drill_4mm_05_batch_00_collet_1_30-01-2025,10,0.013349833,0,0.1
drill_4mm_05_batch_00_collet_1_30-01-2025,11,0.0026403405,0,0.1
drill_4mm_05_batch_00_collet_1_30-01-2025,12,0.0027326816,0,0.1
drill_4mm_05_batch_00_collet_1_30-01-2025,13,0.0049319463,0,0.1
drill_4mm_05_batch_00_collet_1_30-01-2025,14,0.0017750663,0,0.1
drill_4mm_05_batch_00_collet_1_30-01-2025,15,0.0056703035,0,0.1
drill_4mm_05_batch_00_collet_1_30-01-2025,16,0.001535818,0,0.1
drill_4mm_05_batch_00_collet_1_30-01-2025,17,0.006677987,0,0.1
drill_4mm_05_batch_00_collet_1_30-01-2025,18,0.0021452848,0,0.1
drill_4mm_05_batch_00_collet_1_30-01-2025,19,0.0027954797,0,0.1
drill_4mm_05_batch_00_collet_1_30-01-2025,20,0.003156526,0,0.1
drill_4mm_05_batch_00_collet_1_30-01-2025,21,0.014625625,0,0.1
drill_4mm_05_batch_00_collet_1_30-01-2025,22,0.122772545,0,0.1
drill_4mm_05_batch_00_collet_1_30-01-2025,23,0.0033889294,0,0.1
drill_4mm_05_batch_00_collet_1_30-01-2025,24,0.1429216,0,0.1
drill_4mm_05_batch_00_collet_1_30-01-2025,25,0.13236053,0,0.1
drill_4mm_05_batch_00_collet_1_30-01-2025,26,0.001594011,0,0.1
drill_4mm_05_batch_00_collet_1_30-01-2025,27,0.00780833,0,0.1
drill_4mm_05_batch_00_collet_1_30-01-2025,28,0.0027128223,0,0.1
drill_4mm_05_batch_00_collet_1_30-01-2025,29,0.029450765,0,0.1
drill_4mm_05_batch_00_collet_1_30-01-2025,30,0.047905464,0,0.1
drill_4mm_05_batch_00_collet_1_30-01-2025,31,0.0039447905,0,0.1
drill_4mm_05_batch_00_collet_1_30-01-2025,32,0.030594148,0,0.1
drill_4mm_05_batch_00_collet_1_30-01-2025,33,0.07981885,0,0.1
drill_4mm_05_batch_00_collet_1_30-01-2025,34,0.031389244,0,0.1
drill_4mm_05_batch_00_collet_1_30-01-2025,35,0.07729228,0,0.1
drill_4mm_05_batch_00_collet_1_30-01-2025,36,0.09200136,0,0.1
drill_4mm_05_batch_00_collet_1_30-01-2025,37,0.00065526465,0,0.1
drill_4mm_05_batch_00_collet_1_30-01-2025,38,0.0042202305,0,0.1
drill_4mm_05_batch_00_collet_1_30-01-2025,39,0.007783445,0,0.1
drill_4mm_05_batch_00_collet_1_30-01-2025,40,0.14272985,0,0.1
drill_4mm_05_batch_00_collet_1_30-01-2025,41,0.024933198,0,0.1
drill_4mm_05_batch_00_collet_1_30-01-2025,42,0.02226012,0,0.1
drill_4mm_05_batch_00_collet_1_30-01-2025,43,0.031566367,0,0.1
drill_4mm_05_batch_00_collet_1_30-01-2025,44,0.078978576,0,0.1
drill_4mm_05_batch_00_collet_1_30-01-2025,45,0.03855236,0,0.1
drill_4mm_05_batch_00_collet_1_30-01-2025,46,0.040044867,0,0.1
drill_4mm_05_batch_00_collet_1_30-01-2025,47,0.023364324,0,0.1
drill_4mm_05_batch_00_collet_1_30-01-2025,48,0.06325174,0,0.1
drill_4mm_05_batch_00_collet_1_30-01-2025,49,0.15311603,0,0.1
drill_4mm_05_batch_00_collet_1_30-01-2025,50,0.019493366,0,0.1
drill_4mm_05_batch_00_collet_1_30-01-2025,51,0.10351922,0,0.1
drill_4mm_05_batch_00_collet_1_30-01-2025,52,0.056132425,0,0.1
drill_4mm_05_batch_00_collet_1_30-01-2025,53,0.14097609,0,0.1
drill_4mm_05_batch_00_collet_1_30-01-2025,54,0.2580246,0,0.1
drill_4mm_05_batch_00_collet_1_30-01-2025,55,0.059319366,0,0.1
drill_4mm_05_batch_00_collet_1_30-01-2025,56,0.05470711,0,0.1
drill_4mm_05_batch_00_collet_1_30-01-2025,57,0.0039832913,0,0.1
drill_4mm_05_batch_00_collet_1_30-01-2025,58,0.07176315,0,0.1
drill_4mm_05_batch_00_collet_1_30-01-2025,59,0.021471068,0,0.1
drill_4mm_05_batch_00_collet_1_30-01-2025,60,0.13425027,0,0.1
drill_4mm_05_batch_00_collet_1_30-01-2025,61,0.022411996,0,0.1
drill_4mm_05_batch_00_collet_1_30-01-2025,62,0.25635213,0,0.1
drill_4mm_05_batch_00_collet_1_30-01-2025,63,0.03922242,0,0.1
drill_4mm_05_batch_00_collet_1_30-01-2025,64,0.049194887,0,0.1
drill_4mm_05_batch_00_collet_1_30-01-2025,65,0.009365269,0,0.1
drill_4mm_05_batch_00_collet_1_30-01-2025,66,0.097903214,0,0.1
drill_4mm_05_batch_00_collet_1_30-01-2025,67,0.04633103,0,0.1
drill_4mm_05_batch_00_collet_1_30-01-2025,68,0.3014514,0,0.1
drill_4mm_05_batch_00_collet_1_30-01-2025,69,0.0785602,0,0.1
drill_4mm_05_batch_00_collet_1_30-01-2025,70,0.098314755,0,0.1
drill_4mm_05_batch_00_collet_1_30-01-2025,71,0.2532909,0,0.1
drill_4mm_05_batch_00_collet_1_30-01-2025,72,0.38627154,0,0.1
drill_4mm_05_batch_00_collet_1_30-01-2025,73,0.3862726,0,0.1
drill_4mm_05_batch_00_collet_1_30-01-2025,74,0.06317163,0,0.1
drill_4mm_05_batch_00_collet_1_30-01-2025,75,0.45030096,0,0.1
drill_4mm_05_batch_00_collet_1_30-01-2025,76,0.51720667,0,0.1
drill_4mm_05_batch_00_collet_1_30-01-2025,77,0.032724947,0,0.1
drill_4mm_05_batch_00_collet_1_30-01-2025,78,0.2991671,0,0.1
drill_4mm_05_batch_00_collet_1_30-01-2025,79,0.16277495,0,0.1
drill_4mm_05_batch_00_collet_1_30-01-2025,80,0.06983696,0,0.1
drill_4mm_05_batch_00_collet_1_30-01-2025,81,0.5188254,0,0.1
drill_4mm_05_batch_00_collet_1_30-01-2025,82,0.05785891,0,0.1
drill_4mm_05_batch_00_collet_1_30-01-2025,83,0.13748868,0,0.1
drill_4mm_05_batch_00_collet_1_30-01-2025,84,0.38271075,0,0.1
drill_4mm_05_batch_00_collet_1_30-01-2025,85,0.047491804,0,0.1
drill_4mm_05_batch_00_collet_1_30-01-2025,86,0.08663482,1,0.1
drill_4mm_05_batch_00_collet_1_30-01-2025,87,0.0306224,1,0.1
drill_4mm_05_batch_00_collet_1_30-01-2025,88,0.03653061,1,0.1
drill_4mm_05_batch_00_collet_1_30-01-2025,89,0.09403827,1,0.1
drill_4mm_05_batch_00_collet_1_30-01-2025,90,0.24381499,1,0.1
drill_4mm_05_batch_00_collet_1_30-01-2025,91,0.05019417,1,0.1
drill_4mm_05_batch_00_collet_1_30-01-2025,92,0.60367125,1,0.1
drill_4mm_05_batch_00_collet_1_30-01-2025,93,0.8492075,1,0.1
drill_4mm_05_batch_00_collet_1_30-01-2025,94,0.063253276,1,0.1
drill_4mm_05_batch_00_collet_1_30-01-2025,95,0.1673719,1,0.1
drill_4mm_05_batch_00_collet_1_30-01-2025,96,0.5992787,1,0.1
drill_4mm_05_batch_00_collet_1_30-01-2025,97,0.029345402,1,0.1
drill_4mm_05_batch_00_collet_1_30-01-2025,98,0.16354764,1,0.1
drill_4mm_05_batch_00_collet_1_30-01-2025,99,0.04100222,1,0.1
drill_4mm_05_batch_00_collet_1_30-01-2025,100,0.041689396,1,0.1
drill_4mm_05_batch_00_collet_1_30-01-2025,101,0.049396392,1,0.1
drill_4mm_05_batch_00_collet_1_30-01-2025,102,0.18339527,1,0.1
drill_4mm_05_batch_00_collet_1_30-01-2025,103,0.15556136,1,0.1
drill_4mm_05_batch_00_collet_1_30-01-2025,104,0.21132605,1,0.1
drill_4mm_05_batch_00_collet_1_30-01-2025,105,0.1432157,1,0.1
drill_4mm_05_batch_00_collet_1_30-01-2025,106,0.16344108,1,0.1
drill_4mm_06_batch_00_collet_1_30-01-2025,1,0.0032710652,0,0.1
drill_4mm_06_batch_00_collet_1_30-01-2025,2,0.0025898211,0,0.1
drill_4mm_06_batch_00_collet_1_30-01-2025,3,0.005241787,0,0.1
drill_4mm_06_batch_00_collet_1_30-01-2025,4,0.004754038,0,0.1
drill_4mm_06_batch_00_collet_1_30-01-2025,5,0.0027512514,0,0.1
drill_4mm_06_batch_00_collet_1_30-01-2025,6,0.0015706628,0,0.1
drill_4mm_06_batch_00_collet_1_30-01-2025,7,0.005823572,0,0.1
drill_4mm_06_batch_00_collet_1_30-01-2025,8,0.005106636,0,0.1
drill_4mm_06_batch_00_collet_1_30-01-2025,9,0.0024409636,0,0.1
drill_4mm_06_batch_00_collet_1_30-01-2025,10,0.020018324,0,0.1
drill_4mm_06_batch_00_collet_1_30-01-2025,11,0.008205338,0,0.1
drill_4mm_06_batch_00_collet_1_30-01-2025,12,0.004868859,0,0.1
drill_4mm_06_batch_00_collet_1_30-01-2025,13,0.0039457683,0,0.1
drill_4mm_06_batch_00_collet_1_30-01-2025,14,0.027779803,0,0.1
drill_4mm_06_batch_00_collet_1_30-01-2025,15,0.017540617,0,0.1
drill_4mm_06_batch_00_collet_1_30-01-2025,16,0.06743111,0,0.1
drill_4mm_06_batch_00_collet_1_30-01-2025,17,0.008471662,0,0.1
drill_4mm_06_batch_00_collet_1_30-01-2025,18,0.13229541,0,0.1
drill_4mm_06_batch_00_collet_1_30-01-2025,19,0.07382502,0,0.1
drill_4mm_06_batch_00_collet_1_30-01-2025,20,0.076035686,0,0.1
drill_4mm_06_batch_00_collet_1_30-01-2025,21,0.43777692,1,0.1
drill_4mm_06_batch_00_collet_1_30-01-2025,22,0.85625535,1,0.1
drill_4mm_06_batch_00_collet_1_30-01-2025,23,0.7858842,1,0.1
drill_4mm_06_batch_00_collet_1_30-01-2025,24,0.030096378,1,0.1
drill_4mm_06_batch_00_collet_1_30-01-2025,25,0.3923655,1,0.1
drill_4mm_07_batch_00_collet_1_31-01-2025,1,0.0062040966,0,0.9738432765007019
drill_4mm_07_batch_00_collet_1_31-01-2025,2,0.003522446,0,0.9738432765007019
drill_4mm_07_batch_00_collet_1_31-01-2025,3,0.0021927403,0,0.9738432765007019
drill_4mm_07_batch_00_collet_1_31-01-2025,4,0.9933827,0,0.9738432765007019
drill_4mm_07_batch_00_collet_1_31-01-2025,5,0.016409619,0,0.9738432765007019
drill_4mm_07_batch_00_collet_1_31-01-2025,6,0.007427733,0,0.9738432765007019
drill_4mm_07_batch_00_collet_1_31-01-2025,7,0.005322038,0,0.9738432765007019
drill_4mm_07_batch_00_collet_1_31-01-2025,8,0.004519419,0,0.9738432765007019
drill_4mm_07_batch_00_collet_1_31-01-2025,9,0.0124867065,0,0.9738432765007019
drill_4mm_07_batch_00_collet_1_31-01-2025,10,0.00399137,0,0.9738432765007019
drill_4mm_07_batch_00_collet_1_31-01-2025,11,0.002593181,0,0.9738432765007019
drill_4mm_07_batch_00_collet_1_31-01-2025,12,0.04568592,0,0.9738432765007019
drill_4mm_07_batch_00_collet_1_31-01-2025,13,0.005038881,0,0.9738432765007019
drill_4mm_07_batch_00_collet_1_31-01-2025,14,0.06556421,0,0.9738432765007019
drill_4mm_07_batch_00_collet_1_31-01-2025,15,0.015842892,0,0.9738432765007019
drill_4mm_07_batch_00_collet_1_31-01-2025,16,0.034456816,0,0.9738432765007019
drill_4mm_07_batch_00_collet_1_31-01-2025,17,0.13929479,0,0.9738432765007019
drill_4mm_07_batch_00_collet_1_31-01-2025,18,0.0070919646,0,0.9738432765007019
drill_4mm_07_batch_00_collet_1_31-01-2025,19,0.026528388,0,0.9738432765007019
drill_4mm_07_batch_00_collet_1_31-01-2025,20,0.064133115,0,0.9738432765007019
drill_4mm_07_batch_00_collet_1_31-01-2025,21,0.052983746,0,0.9738432765007019
drill_4mm_07_batch_00_collet_1_31-01-2025,22,0.036506265,0,0.9738432765007019
drill_4mm_07_batch_00_collet_1_31-01-2025,23,0.038403403,0,0.9738432765007019
drill_4mm_07_batch_00_collet_1_31-01-2025,24,0.023510395,0,0.9738432765007019
drill_4mm_07_batch_00_collet_1_31-01-2025,25,0.0135037,0,0.9738432765007019
drill_4mm_07_batch_00_collet_1_31-01-2025,26,0.051978182,0,0.9738432765007019
drill_4mm_07_batch_00_collet_1_31-01-2025,27,0.31945208,1,0.9738432765007019
drill_4mm_07_batch_00_collet_1_31-01-2025,28,0.3568901,1,0.9738432765007019
drill_4mm_07_batch_00_collet_1_31-01-2025,29,0.009550469,1,0.9738432765007019
drill_4mm_07_batch_00_collet_1_31-01-2025,30,0.22425912,1,0.9738432765007019
drill_4mm_07_batch_00_collet_1_31-01-2025,31,0.9286603,1,0.9738432765007019
drill_4mm_07_batch_00_collet_1_31-01-2025,32,0.10948103,1,0.9738432765007019
drill_4mm_08_batch_00_collet_1_31-01-2025,1,0.005080372,0,0.1
drill_4mm_08_batch_00_collet_1_31-01-2025,2,0.0046435934,0,0.1
drill_4mm_08_batch_00_collet_1_31-01-2025,3,0.006491931,0,0.1
drill_4mm_08_batch_00_collet_1_31-01-2025,4,0.0044680936,0,0.1
drill_4mm_08_batch_00_collet_1_31-01-2025,5,0.01368519,0,0.1
drill_4mm_08_batch_00_collet_1_31-01-2025,6,0.037324302,0,0.1
drill_4mm_08_batch_00_collet_1_31-01-2025,7,0.96454275,0,0.1
drill_4mm_08_batch_00_collet_1_31-01-2025,8,0.23883611,0,0.1
drill_4mm_08_batch_00_collet_1_31-01-2025,9,0.06825447,0,0.1
drill_4mm_08_batch_00_collet_1_31-01-2025,10,0.012090865,0,0.1
drill_4mm_08_batch_00_collet_1_31-01-2025,11,0.01618227,0,0.1
drill_4mm_08_batch_00_collet_1_31-01-2025,12,0.03901156,0,0.1
drill_4mm_08_batch_00_collet_1_31-01-2025,13,0.012800222,0,0.1
drill_4mm_08_batch_00_collet_1_31-01-2025,14,0.068875305,0,0.1
drill_4mm_08_batch_00_collet_1_31-01-2025,15,0.05477227,0,0.1
drill_4mm_08_batch_00_collet_1_31-01-2025,16,0.043727987,0,0.1
drill_4mm_08_batch_00_collet_1_31-01-2025,17,0.37521088,0,0.1
drill_4mm_08_batch_00_collet_1_31-01-2025,18,0.011065912,1,0.1
drill_4mm_08_batch_00_collet_1_31-01-2025,19,0.95623904,1,0.1
drill_4mm_08_batch_00_collet_1_31-01-2025,20,0.06523453,1,0.1
drill_4mm_08_batch_00_collet_1_31-01-2025,21,0.009351287,1,0.1
drill_4mm_09_batch_00_collet_1_31-01-2025,1,0.0076905657,0,0.1
drill_4mm_09_batch_00_collet_1_31-01-2025,2,0.0012711751,0,0.1
drill_4mm_09_batch_00_collet_1_31-01-2025,3,0.0016190513,0,0.1
drill_4mm_09_batch_00_collet_1_31-01-2025,4,0.0015546615,0,0.1
drill_4mm_09_batch_00_collet_1_31-01-2025,5,0.01797423,0,0.1
drill_4mm_09_batch_00_collet_1_31-01-2025,6,0.009700352,0,0.1
drill_4mm_09_batch_00_collet_1_31-01-2025,7,0.042371467,0,0.1
drill_4mm_09_batch_00_collet_1_31-01-2025,8,0.042027913,0,0.1
drill_4mm_09_batch_00_collet_1_31-01-2025,9,0.06773946,0,0.1
drill_4mm_09_batch_00_collet_1_31-01-2025,10,0.31199166,0,0.1
drill_4mm_09_batch_00_collet_1_31-01-2025,11,0.08628539,0,0.1
drill_4mm_09_batch_00_collet_1_31-01-2025,12,0.31634304,0,0.1
drill_4mm_09_batch_00_collet_1_31-01-2025,13,0.8893733,0,0.1
drill_4mm_09_batch_00_collet_1_31-01-2025,14,0.37939674,0,0.1
drill_4mm_09_batch_00_collet_1_31-01-2025,15,0.43564683,0,0.1
drill_4mm_09_batch_00_collet_1_31-01-2025,16,0.6196371,0,0.1
drill_4mm_09_batch_00_collet_1_31-01-2025,17,0.11832639,0,0.1
drill_4mm_09_batch_00_collet_1_31-01-2025,18,0.25848404,0,0.1
drill_4mm_09_batch_00_collet_1_31-01-2025,19,0.2672847,0,0.1
drill_4mm_09_batch_00_collet_1_31-01-2025,20,0.43994945,0,0.1
drill_4mm_09_batch_00_collet_1_31-01-2025,21,0.84551954,0,0.1
drill_4mm_09_batch_00_collet_1_31-01-2025,22,0.4239606,0,0.1
drill_4mm_09_batch_00_collet_1_31-01-2025,23,0.37475598,0,0.1
drill_4mm_09_batch_00_collet_1_31-01-2025,24,0.37741685,0,0.1
drill_4mm_09_batch_00_collet_1_31-01-2025,25,0.12174316,0,0.1
drill_4mm_09_batch_00_collet_1_31-01-2025,26,0.80522996,0,0.1
drill_4mm_09_batch_00_collet_1_31-01-2025,27,0.8972761,0,0.1
drill_4mm_09_batch_00_collet_1_31-01-2025,28,0.89400697,0,0.1
drill_4mm_09_batch_00_collet_1_31-01-2025,29,0.96209985,0,0.1
drill_4mm_09_batch_00_collet_1_31-01-2025,30,0.9573882,0,0.1
drill_4mm_09_batch_00_collet_1_31-01-2025,31,0.78380483,0,0.1
drill_4mm_09_batch_00_collet_1_31-01-2025,32,0.91696596,0,0.1
drill_4mm_09_batch_00_collet_1_31-01-2025,33,0.922585,0,0.1
drill_4mm_09_batch_00_collet_1_31-01-2025,34,0.50117433,0,0.1
drill_4mm_09_batch_00_collet_1_31-01-2025,35,0.1407055,0,0.1
drill_4mm_09_batch_00_collet_1_31-01-2025,36,0.18600334,0,0.1
drill_4mm_09_batch_00_collet_1_31-01-2025,37,0.66507345,0,0.1
drill_4mm_09_batch_00_collet_1_31-01-2025,38,0.9463033,0,0.1
drill_4mm_09_batch_00_collet_1_31-01-2025,39,0.9656452,0,0.1
drill_4mm_09_batch_00_collet_1_31-01-2025,40,0.9876716,0,0.1
drill_4mm_09_batch_00_collet_1_31-01-2025,41,0.9857767,0,0.1
drill_4mm_09_batch_00_collet_1_31-01-2025,42,0.93477863,1,0.1
drill_4mm_09_batch_00_collet_1_31-01-2025,43,0.9351247,1,0.1
drill_4mm_09_batch_00_collet_1_31-01-2025,44,0.9900029,1,0.1
drill_4mm_09_batch_00_collet_1_31-01-2025,45,0.87338537,1,0.1
drill_4mm_09_batch_00_collet_1_31-01-2025,46,0.81520057,1,0.1
drill_4mm_09_batch_00_collet_1_31-01-2025,47,0.96454597,1,0.1
drill_4mm_09_batch_00_collet_1_31-01-2025,48,0.7785947,1,0.1
drill_4mm_09_batch_00_collet_1_31-01-2025,49,0.6406349,1,0.1
drill_4mm_09_batch_00_collet_1_31-01-2025,50,0.92988664,1,0.1
drill_4mm_09_batch_00_collet_1_31-01-2025,51,0.9132576,1,0.1
drill_4mm_11_batch_00_collet_1_05-02-2025,1,0.00212372,0,0.1
drill_4mm_11_batch_00_collet_1_05-02-2025,2,0.0010218084,0,0.1
drill_4mm_11_batch_00_collet_1_05-02-2025,3,0.0011357107,0,0.1
drill_4mm_11_batch_00_collet_1_05-02-2025,4,0.0012474962,0,0.1
drill_4mm_11_batch_00_collet_1_05-02-2025,5,0.004727189,0,0.1
drill_4mm_11_batch_00_collet_1_05-02-2025,6,0.024610048,0,0.1
drill_4mm_11_batch_00_collet_1_05-02-2025,7,0.24738355,0,0.1
drill_4mm_11_batch_00_collet_1_05-02-2025,8,0.32195404,0,0.1
drill_4mm_11_batch_00_collet_1_05-02-2025,9,0.75900435,0,0.1
drill_4mm_11_batch_00_collet_1_05-02-2025,10,0.19640933,0,0.1
drill_4mm_11_batch_00_collet_1_05-02-2025,11,0.3608397,0,0.1
drill_4mm_11_batch_00_collet_1_05-02-2025,12,0.30832765,0,0.1
drill_4mm_11_batch_00_collet_1_05-02-2025,13,0.24368563,0,0.1
drill_4mm_11_batch_00_collet_1_05-02-2025,14,0.82643914,0,0.1
drill_4mm_11_batch_00_collet_1_05-02-2025,15,0.9151241,0,0.1
drill_4mm_11_batch_00_collet_1_05-02-2025,16,0.94311905,0,0.1
drill_4mm_11_batch_00_collet_1_05-02-2025,17,0.54627144,1,0.1
drill_4mm_11_batch_00_collet_1_05-02-2025,18,0.51618713,1,0.1
drill_4mm_11_batch_00_collet_1_05-02-2025,19,0.5556521,1,0.1
drill_4mm_12_batch_01_collet_1_05-02-2025,1,0.005784575,0,0.1
drill_4mm_12_batch_01_collet_1_05-02-2025,2,0.0031859495,0,0.1
drill_4mm_12_batch_01_collet_1_05-02-2025,3,0.003091108,0,0.1
drill_4mm_12_batch_01_collet_1_05-02-2025,4,0.003055871,0,0.1
drill_4mm_12_batch_01_collet_1_05-02-2025,5,0.006917553,0,0.1
drill_4mm_12_batch_01_collet_1_05-02-2025,6,0.0019594615,0,0.1
drill_4mm_12_batch_01_collet_1_05-02-2025,7,0.0132998945,0,0.1
drill_4mm_12_batch_01_collet_1_05-02-2025,8,0.0064625926,0,0.1
drill_4mm_12_batch_01_collet_1_05-02-2025,9,0.013178317,0,0.1
drill_4mm_12_batch_01_collet_1_05-02-2025,10,0.006088708,0,0.1
drill_4mm_12_batch_01_collet_1_05-02-2025,11,0.0046939105,0,0.1
drill_4mm_12_batch_01_collet_1_05-02-2025,12,0.03851576,0,0.1
drill_4mm_12_batch_01_collet_1_05-02-2025,13,0.06814866,0,0.1
drill_4mm_12_batch_01_collet_1_05-02-2025,14,0.09700814,0,0.1
drill_4mm_12_batch_01_collet_1_05-02-2025,15,0.014671566,1,0.1
drill_4mm_12_batch_01_collet_1_05-02-2025,16,0.66775197,1,0.1
drill_4mm_12_batch_01_collet_1_05-02-2025,17,0.5137496,1,0.1
drill_4mm_13_batch_01_collet_1_05-02-2025,1,0.0035194363,0,0.1
drill_4mm_13_batch_01_collet_1_05-02-2025,2,0.0028569673,0,0.1
drill_4mm_13_batch_01_collet_1_05-02-2025,3,0.00854003,0,0.1
drill_4mm_13_batch_01_collet_1_05-02-2025,4,0.0009743919,0,0.1
drill_4mm_13_batch_01_collet_1_05-02-2025,5,0.0030784444,0,0.1
drill_4mm_13_batch_01_collet_1_05-02-2025,6,0.12250894,0,0.1
drill_4mm_13_batch_01_collet_1_05-02-2025,7,0.003653825,0,0.1
drill_4mm_13_batch_01_collet_1_05-02-2025,8,0.005191737,0,0.1
drill_4mm_13_batch_01_collet_1_05-02-2025,9,0.0022904365,0,0.1
drill_4mm_13_batch_01_collet_1_05-02-2025,10,0.008445048,0,0.1
drill_4mm_13_batch_01_collet_1_05-02-2025,11,0.0018823759,0,0.1
drill_4mm_13_batch_01_collet_1_05-02-2025,12,0.0015548007,0,0.1
drill_4mm_13_batch_01_collet_1_05-02-2025,13,0.008373225,0,0.1
drill_4mm_13_batch_01_collet_1_05-02-2025,14,0.06904817,0,0.1
drill_4mm_13_batch_01_collet_1_05-02-2025,15,0.50121486,0,0.1
drill_4mm_13_batch_01_collet_1_05-02-2025,16,0.14630607,1,0.1
drill_4mm_13_batch_01_collet_1_05-02-2025,17,0.7829035,1,0.1
drill_4mm_13_batch_01_collet_1_05-02-2025,18,0.09888936,1,0.1
drill_4mm_14_batch_01_collet_1_06-02-2025,1,0.023321008,0,0.1
drill_4mm_14_batch_01_collet_1_06-02-2025,2,0.0006490895,0,0.1
drill_4mm_14_batch_01_collet_1_06-02-2025,3,0.0009859129,0,0.1
drill_4mm_14_batch_01_collet_1_06-02-2025,4,0.0016691588,0,0.1
drill_4mm_14_batch_01_collet_1_06-02-2025,5,0.0019541662,0,0.1
drill_4mm_14_batch_01_collet_1_06-02-2025,6,0.00056635076,0,0.1
drill_4mm_14_batch_01_collet_1_06-02-2025,7,0.0034983763,0,0.1
drill_4mm_14_batch_01_collet_1_06-02-2025,8,0.009708972,0,0.1
drill_4mm_14_batch_01_collet_1_06-02-2025,9,0.083121456,0,0.1
drill_4mm_14_batch_01_collet_1_06-02-2025,10,0.21050803,0,0.1
drill_4mm_14_batch_01_collet_1_06-02-2025,11,0.012442421,0,0.1
drill_4mm_14_batch_01_collet_1_06-02-2025,12,0.011832736,0,0.1
drill_4mm_14_batch_01_collet_1_06-02-2025,13,0.8527398,0,0.1
drill_4mm_14_batch_01_collet_1_06-02-2025,14,0.7805564,0,0.1
drill_4mm_14_batch_01_collet_1_06-02-2025,15,0.008922623,0,0.1
drill_4mm_14_batch_01_collet_1_06-02-2025,16,0.08749376,0,0.1
drill_4mm_14_batch_01_collet_1_06-02-2025,17,0.16533518,1,0.1
drill_4mm_14_batch_01_collet_1_06-02-2025,18,0.023902822,1,0.1
drill_4mm_14_batch_01_collet_1_06-02-2025,19,0.28199953,1,0.1
drill_4mm_14_batch_01_collet_1_06-02-2025,20,0.013987235,1,0.1
drill_4mm_15_batch_01_collet_1_06-02-2025,1,0.008044032,0,0.9831917881965637
drill_4mm_15_batch_01_collet_1_06-02-2025,2,0.013210067,0,0.9831917881965637
drill_4mm_15_batch_01_collet_1_06-02-2025,3,0.0071803215,0,0.9831917881965637
drill_4mm_15_batch_01_collet_1_06-02-2025,4,0.9967602,0,0.9831917881965637
drill_4mm_15_batch_01_collet_1_06-02-2025,5,0.31833974,0,0.9831917881965637
drill_4mm_15_batch_01_collet_1_06-02-2025,6,0.004639538,0,0.9831917881965637
drill_4mm_15_batch_01_collet_1_06-02-2025,7,0.88538814,0,0.9831917881965637
drill_4mm_15_batch_01_collet_1_06-02-2025,8,0.16704774,0,0.9831917881965637
drill_4mm_15_batch_01_collet_1_06-02-2025,9,0.96005774,0,0.9831917881965637
drill_4mm_15_batch_01_collet_1_06-02-2025,10,0.20959209,0,0.9831917881965637
drill_4mm_15_batch_01_collet_1_06-02-2025,11,0.017306825,0,0.9831917881965637
drill_4mm_15_batch_01_collet_1_06-02-2025,12,0.013835853,0,0.9831917881965637
drill_4mm_15_batch_01_collet_1_06-02-2025,13,0.04731247,0,0.9831917881965637
drill_4mm_15_batch_01_collet_1_06-02-2025,14,0.5033368,0,0.9831917881965637
drill_4mm_15_batch_01_collet_1_06-02-2025,15,0.046295784,0,0.9831917881965637
drill_4mm_15_batch_01_collet_1_06-02-2025,16,0.45611092,0,0.9831917881965637
drill_4mm_15_batch_01_collet_1_06-02-2025,17,0.34275252,0,0.9831917881965637
drill_4mm_15_batch_01_collet_1_06-02-2025,18,0.39121568,0,0.9831917881965637
drill_4mm_15_batch_01_collet_1_06-02-2025,19,0.41003937,0,0.9831917881965637
drill_4mm_15_batch_01_collet_1_06-02-2025,20,0.23350462,0,0.9831917881965637
drill_4mm_15_batch_01_collet_1_06-02-2025,21,0.31366757,0,0.9831917881965637
drill_4mm_15_batch_01_collet_1_06-02-2025,22,0.15312943,0,0.9831917881965637
drill_4mm_15_batch_01_collet_1_06-02-2025,23,0.2464996,0,0.9831917881965637
drill_4mm_15_batch_01_collet_1_06-02-2025,24,0.07358304,0,0.9831917881965637
drill_4mm_15_batch_01_collet_1_06-02-2025,25,0.07739609,0,0.9831917881965637
drill_4mm_15_batch_01_collet_1_06-02-2025,26,0.4077928,0,0.9831917881965637
drill_4mm_15_batch_01_collet_1_06-02-2025,27,0.09296269,0,0.9831917881965637
drill_4mm_15_batch_01_collet_1_06-02-2025,28,0.06613388,0,0.9831917881965637
drill_4mm_15_batch_01_collet_1_06-02-2025,29,0.045464132,0,0.9831917881965637
drill_4mm_15_batch_01_collet_1_06-02-2025,30,0.045593973,0,0.9831917881965637
drill_4mm_15_batch_01_collet_1_06-02-2025,31,0.80040294,0,0.9831917881965637
drill_4mm_15_batch_01_collet_1_06-02-2025,32,0.12307445,0,0.9831917881965637
drill_4mm_15_batch_01_collet_1_06-02-2025,33,0.17650415,0,0.9831917881965637
drill_4mm_15_batch_01_collet_1_06-02-2025,34,0.021570554,0,0.9831917881965637
drill_4mm_15_batch_01_collet_1_06-02-2025,35,0.13322629,0,0.9831917881965637
drill_4mm_15_batch_01_collet_1_06-02-2025,36,0.7791103,0,0.9831917881965637
drill_4mm_15_batch_01_collet_1_06-02-2025,37,0.7811265,1,0.9831917881965637
drill_4mm_15_batch_01_collet_1_06-02-2025,38,0.94405806,1,0.9831917881965637
drill_4mm_15_batch_01_collet_1_06-02-2025,39,0.9751686,1,0.9831917881965637
drill_4mm_15_batch_01_collet_1_06-02-2025,40,0.84428424,1,0.9831917881965637
drill_4mm_15_batch_01_collet_1_06-02-2025,41,0.31138557,1,0.9831917881965637
drill_4mm_15_batch_01_collet_1_06-02-2025,42,0.40995237,1,0.9831917881965637
drill_4mm_15_batch_01_collet_1_06-02-2025,43,0.9687609,1,0.9831917881965637
drill_4mm_15_batch_01_collet_1_06-02-2025,44,0.21558426,1,0.9831917881965637
drill_4mm_17_batch_01_collet_1_06-02-2025,1,0.91707313,0,0.898876428604126
drill_4mm_17_batch_01_collet_1_06-02-2025,2,0.007237744,0,0.898876428604126
drill_4mm_17_batch_01_collet_1_06-02-2025,3,0.0023635083,0,0.898876428604126
drill_4mm_17_batch_01_collet_1_06-02-2025,4,0.0018352056,0,0.898876428604126
drill_4mm_17_batch_01_collet_1_06-02-2025,5,0.00081021595,0,0.898876428604126
drill_4mm_17_batch_01_collet_1_06-02-2025,6,0.0005876564,0,0.898876428604126
drill_4mm_17_batch_01_collet_1_06-02-2025,7,0.0019406427,0,0.898876428604126
drill_4mm_17_batch_01_collet_1_06-02-2025,8,0.0033805717,0,0.898876428604126
drill_4mm_17_batch_01_collet_1_06-02-2025,9,0.6624165,0,0.898876428604126
drill_4mm_17_batch_01_collet_1_06-02-2025,10,0.12409413,0,0.898876428604126
drill_4mm_17_batch_01_collet_1_06-02-2025,11,0.0013011866,0,0.898876428604126
drill_4mm_17_batch_01_collet_1_06-02-2025,12,0.033088047,0,0.898876428604126
drill_4mm_17_batch_01_collet_1_06-02-2025,13,0.8829732,0,0.898876428604126
drill_4mm_17_batch_01_collet_1_06-02-2025,14,0.6550166,0,0.898876428604126
drill_4mm_17_batch_01_collet_1_06-02-2025,15,0.86406523,0,0.898876428604126
drill_4mm_17_batch_01_collet_1_06-02-2025,16,0.11825294,0,0.898876428604126
drill_4mm_17_batch_01_collet_1_06-02-2025,17,0.7709621,1,0.898876428604126
drill_4mm_17_batch_01_collet_1_06-02-2025,18,0.5867166,1,0.898876428604126
drill_4mm_17_batch_01_collet_1_06-02-2025,19,0.21855953,1,0.898876428604126
drill_4mm_19_batch_02_collet_1_13-02-2025,1,0.002376113,0,0.1
drill_4mm_19_batch_02_collet_1_13-02-2025,2,0.0014161086,0,0.1
drill_4mm_19_batch_02_collet_1_13-02-2025,3,0.0024872203,0,0.1
drill_4mm_19_batch_02_collet_1_13-02-2025,4,0.00406088,0,0.1
drill_4mm_19_batch_02_collet_1_13-02-2025,5,0.014105827,0,0.1
drill_4mm_19_batch_02_collet_1_13-02-2025,6,0.0033824746,0,0.1
drill_4mm_19_batch_02_collet_1_13-02-2025,7,0.0042136866,0,0.1
drill_4mm_19_batch_02_collet_1_13-02-2025,8,0.012925217,0,0.1
drill_4mm_19_batch_02_collet_1_13-02-2025,9,0.0027012534,0,0.1
drill_4mm_19_batch_02_collet_1_13-02-2025,10,0.96934164,0,0.1
drill_4mm_19_batch_02_collet_1_13-02-2025,11,0.1304609,0,0.1
drill_4mm_19_batch_02_collet_1_13-02-2025,12,0.12408846,0,0.1
drill_4mm_19_batch_02_collet_1_13-02-2025,13,0.06872714,0,0.1
drill_4mm_19_batch_02_collet_1_13-02-2025,14,0.48546296,0,0.1
drill_4mm_19_batch_02_collet_1_13-02-2025,15,0.12439031,0,0.1
drill_4mm_19_batch_02_collet_1_13-02-2025,16,0.81494457,0,0.1
drill_4mm_19_batch_02_collet_1_13-02-2025,17,0.7412389,0,0.1
drill_4mm_19_batch_02_collet_1_13-02-2025,18,0.72078437,0,0.1
drill_4mm_19_batch_02_collet_1_13-02-2025,19,0.72378457,0,0.1
drill_4mm_19_batch_02_collet_1_13-02-2025,20,0.6751105,0,0.1
drill_4mm_19_batch_02_collet_1_13-02-2025,21,0.7937976,0,0.1
drill_4mm_19_batch_02_collet_1_13-02-2025,22,0.9275625,0,0.1
drill_4mm_19_batch_02_collet_1_13-02-2025,23,0.7996666,0,0.1
drill_4mm_19_batch_02_collet_1_13-02-2025,24,0.49505442,0,0.1
drill_4mm_19_batch_02_collet_1_13-02-2025,25,0.9207111,0,0.1
drill_4mm_19_batch_02_collet_1_13-02-2025,26,0.7115849,0,0.1
drill_4mm_19_batch_02_collet_1_13-02-2025,27,0.8072018,0,0.1
drill_4mm_19_batch_02_collet_1_13-02-2025,28,0.61403126,0,0.1
drill_4mm_19_batch_02_collet_1_13-02-2025,29,0.53870744,0,0.1
drill_4mm_19_batch_02_collet_1_13-02-2025,30,0.516965,0,0.1
drill_4mm_19_batch_02_collet_1_13-02-2025,31,0.94603866,0,0.1
drill_4mm_19_batch_02_collet_1_13-02-2025,32,0.69516283,0,0.1
drill_4mm_19_batch_02_collet_1_13-02-2025,33,0.8544679,0,0.1
drill_4mm_19_batch_02_collet_1_13-02-2025,34,0.86572844,0,0.1
drill_4mm_19_batch_02_collet_1_13-02-2025,35,0.64912075,0,0.1
drill_4mm_19_batch_02_collet_1_13-02-2025,36,0.87512326,0,0.1
drill_4mm_19_batch_02_collet_1_13-02-2025,37,0.7673943,0,0.1
drill_4mm_19_batch_02_collet_1_13-02-2025,38,0.6704514,0,0.1
drill_4mm_19_batch_02_collet_1_13-02-2025,39,0.9645104,0,0.1
drill_4mm_19_batch_02_collet_1_13-02-2025,40,0.63132674,0,0.1
drill_4mm_19_batch_02_collet_1_13-02-2025,41,0.8590048,0,0.1
drill_4mm_19_batch_02_collet_1_13-02-2025,42,0.6615256,0,0.1
drill_4mm_19_batch_02_collet_1_13-02-2025,43,0.93198097,0,0.1
drill_4mm_19_batch_02_collet_1_13-02-2025,44,0.66402525,1,0.1
drill_4mm_19_batch_02_collet_1_13-02-2025,45,0.40992993,1,0.1
drill_4mm_19_batch_02_collet_1_13-02-2025,46,0.48435426,1,0.1
drill_4mm_19_batch_02_collet_1_13-02-2025,47,0.6929728,1,0.1
drill_4mm_19_batch_02_collet_1_13-02-2025,48,0.4987545,1,0.1
drill_4mm_19_batch_02_collet_1_13-02-2025,49,0.9959825,1,0.1
drill_4mm_19_batch_02_collet_1_13-02-2025,50,0.9331465,1,0.1
drill_4mm_19_batch_02_collet_1_13-02-2025,51,0.97419566,1,0.1
drill_4mm_19_batch_02_collet_1_13-02-2025,52,0.37240133,1,0.1
drill_4mm_19_batch_02_collet_1_13-02-2025,53,0.3325929,1,0.1
drill_4mm_20_batch_03_collet_1_13-02-2025,1,0.005432781,0,0.7535055875778198
drill_4mm_20_batch_03_collet_1_13-02-2025,2,0.006106918,0,0.7535055875778198
drill_4mm_20_batch_03_collet_1_13-02-2025,3,0.00091636874,0,0.7535055875778198
drill_4mm_20_batch_03_collet_1_13-02-2025,4,0.050928857,0,0.7535055875778198
drill_4mm_20_batch_03_collet_1_13-02-2025,5,0.7678439,0,0.7535055875778198
drill_4mm_20_batch_03_collet_1_13-02-2025,6,0.58224857,0,0.7535055875778198
drill_4mm_20_batch_03_collet_1_13-02-2025,7,0.8340543,0,0.7535055875778198
drill_4mm_20_batch_03_collet_1_13-02-2025,8,0.7388491,0,0.7535055875778198
drill_4mm_20_batch_03_collet_1_13-02-2025,9,0.1736234,0,0.7535055875778198
drill_4mm_20_batch_03_collet_1_13-02-2025,10,0.10045022,0,0.7535055875778198
drill_4mm_20_batch_03_collet_1_13-02-2025,11,0.6802379,0,0.7535055875778198
drill_4mm_20_batch_03_collet_1_13-02-2025,12,0.90113074,0,0.7535055875778198
drill_4mm_20_batch_03_collet_1_13-02-2025,13,0.43740553,0,0.7535055875778198
drill_4mm_20_batch_03_collet_1_13-02-2025,14,0.021653539,0,0.7535055875778198
drill_4mm_20_batch_03_collet_1_13-02-2025,15,0.07971535,0,0.7535055875778198
drill_4mm_20_batch_03_collet_1_13-02-2025,16,0.41424537,0,0.7535055875778198
drill_4mm_20_batch_03_collet_1_13-02-2025,17,0.018188177,0,0.7535055875778198
drill_4mm_20_batch_03_collet_1_13-02-2025,18,0.13127285,0,0.7535055875778198
drill_4mm_20_batch_03_collet_1_13-02-2025,19,0.5534384,0,0.7535055875778198
drill_4mm_20_batch_03_collet_1_13-02-2025,20,0.36356053,0,0.7535055875778198
drill_4mm_20_batch_03_collet_1_13-02-2025,21,0.0072660306,0,0.7535055875778198
drill_4mm_20_batch_03_collet_1_13-02-2025,22,0.2516673,0,0.7535055875778198
drill_4mm_20_batch_03_collet_1_13-02-2025,23,0.049381346,0,0.7535055875778198
drill_4mm_20_batch_03_collet_1_13-02-2025,24,0.15500546,0,0.7535055875778198
drill_4mm_20_batch_03_collet_1_13-02-2025,25,0.1985546,0,0.7535055875778198
drill_4mm_20_batch_03_collet_1_13-02-2025,26,0.48269957,0,0.7535055875778198
drill_4mm_20_batch_03_collet_1_13-02-2025,27,0.042703334,0,0.7535055875778198
drill_4mm_20_batch_03_collet_1_13-02-2025,28,0.16719721,0,0.7535055875778198
drill_4mm_20_batch_03_collet_1_13-02-2025,29,0.051957756,1,0.7535055875778198
drill_4mm_20_batch_03_collet_1_13-02-2025,30,0.3030497,1,0.7535055875778198
drill_4mm_20_batch_03_collet_1_13-02-2025,31,0.80761826,1,0.7535055875778198
drill_4mm_20_batch_03_collet_1_13-02-2025,32,0.6440857,1,0.7535055875778198
drill_4mm_20_batch_03_collet_1_13-02-2025,33,0.9503729,1,0.7535055875778198
drill_4mm_20_batch_03_collet_1_13-02-2025,34,0.51792014,1,0.7535055875778198
drill_4mm_20_batch_03_collet_1_13-02-2025,35,0.2696733,1,0.7535055875778198
drill_4mm_21_batch_02_collet_2_14-02-2025,1,0.0020485295,0,0.1
drill_4mm_21_batch_02_collet_2_14-02-2025,2,0.0038226438,0,0.1
drill_4mm_21_batch_02_collet_2_14-02-2025,3,0.0043929955,0,0.1
drill_4mm_21_batch_02_collet_2_14-02-2025,4,0.004469982,0,0.1
drill_4mm_21_batch_02_collet_2_14-02-2025,5,0.0072592096,0,0.1
drill_4mm_21_batch_02_collet_2_14-02-2025,6,0.0019855618,0,0.1
drill_4mm_21_batch_02_collet_2_14-02-2025,7,0.001504248,0,0.1
drill_4mm_21_batch_02_collet_2_14-02-2025,8,0.0015391427,0,0.1
drill_4mm_21_batch_02_collet_2_14-02-2025,9,0.009401246,0,0.1
drill_4mm_21_batch_02_collet_2_14-02-2025,10,0.015846848,0,0.1
drill_4mm_21_batch_02_collet_2_14-02-2025,11,0.07330437,0,0.1
drill_4mm_21_batch_02_collet_2_14-02-2025,12,0.005963485,0,0.1
drill_4mm_21_batch_02_collet_2_14-02-2025,13,0.41122013,0,0.1
drill_4mm_21_batch_02_collet_2_14-02-2025,14,0.04744688,0,0.1
drill_4mm_21_batch_02_collet_2_14-02-2025,15,0.0014342743,0,0.1
drill_4mm_21_batch_02_collet_2_14-02-2025,16,0.0018806743,0,0.1
drill_4mm_21_batch_02_collet_2_14-02-2025,17,0.0017242341,0,0.1
drill_4mm_21_batch_02_collet_2_14-02-2025,18,0.0039682155,0,0.1
drill_4mm_21_batch_02_collet_2_14-02-2025,19,0.003148346,0,0.1
drill_4mm_21_batch_02_collet_2_14-02-2025,20,0.0022921916,0,0.1
drill_4mm_21_batch_02_collet_2_14-02-2025,21,0.0020692449,0,0.1
drill_4mm_21_batch_02_collet_2_14-02-2025,22,0.81638855,0,0.1
drill_4mm_21_batch_02_collet_2_14-02-2025,23,0.041649047,0,0.1
drill_4mm_21_batch_02_collet_2_14-02-2025,24,0.62962395,1,0.1
drill_4mm_21_batch_02_collet_2_14-02-2025,25,0.0053465767,1,0.1
drill_4mm_21_batch_02_collet_2_14-02-2025,26,0.20186329,1,0.1
drill_4mm_21_batch_02_collet_2_14-02-2025,27,0.1569803,1,0.1
drill_4mm_21_batch_02_collet_2_14-02-2025,28,0.029392486,1,0.1
drill_4mm_22_batch_03_collet_2_14-02-2025,1,0.0027195197,0,0.1
drill_4mm_22_batch_03_collet_2_14-02-2025,2,0.017422685,0,0.1
drill_4mm_22_batch_03_collet_2_14-02-2025,3,0.0031912436,0,0.1
drill_4mm_22_batch_03_collet_2_14-02-2025,4,0.0031290445,0,0.1
drill_4mm_22_batch_03_collet_2_14-02-2025,5,0.003286755,0,0.1
drill_4mm_22_batch_03_collet_2_14-02-2025,6,0.0021436482,0,0.1
drill_4mm_22_batch_03_collet_2_14-02-2025,7,0.009971347,0,0.1
drill_4mm_22_batch_03_collet_2_14-02-2025,8,0.024705892,0,0.1
drill_4mm_22_batch_03_collet_2_14-02-2025,9,0.019750616,0,0.1
drill_4mm_22_batch_03_collet_2_14-02-2025,10,0.016951935,0,0.1
drill_4mm_22_batch_03_collet_2_14-02-2025,11,0.03256184,0,0.1
drill_4mm_22_batch_03_collet_2_14-02-2025,12,0.01655646,0,0.1
drill_4mm_22_batch_03_collet_2_14-02-2025,13,0.06781741,0,0.1
drill_4mm_22_batch_03_collet_2_14-02-2025,14,0.13610013,0,0.1
drill_4mm_22_batch_03_collet_2_14-02-2025,15,0.04560254,0,0.1
drill_4mm_22_batch_03_collet_2_14-02-2025,16,0.018254962,0,0.1
drill_4mm_22_batch_03_collet_2_14-02-2025,17,0.007154618,0,0.1
drill_4mm_22_batch_03_collet_2_14-02-2025,18,0.006899671,0,0.1
drill_4mm_22_batch_03_collet_2_14-02-2025,19,0.008222399,0,0.1
drill_4mm_22_batch_03_collet_2_14-02-2025,20,0.008836298,0,0.1
drill_4mm_22_batch_03_collet_2_14-02-2025,21,0.02050504,1,0.1
drill_4mm_22_batch_03_collet_2_14-02-2025,22,0.8933858,1,0.1
drill_4mm_22_batch_03_collet_2_14-02-2025,23,0.48776472,1,0.1
drill_4mm_22_batch_03_collet_2_14-02-2025,24,0.14618504,1,0.1
drill_4mm_23_batch_01_collet_2_14-02-2025,1,0.0023018925,0,0.1
drill_4mm_23_batch_01_collet_2_14-02-2025,2,0.0036048563,0,0.1
drill_4mm_23_batch_01_collet_2_14-02-2025,3,0.0035804915,0,0.1
drill_4mm_23_batch_01_collet_2_14-02-2025,4,0.0033783957,0,0.1
drill_4mm_23_batch_01_collet_2_14-02-2025,5,0.01720668,0,0.1
drill_4mm_23_batch_01_collet_2_14-02-2025,6,0.17539844,0,0.1
drill_4mm_23_batch_01_collet_2_14-02-2025,7,0.1720401,0,0.1
drill_4mm_23_batch_01_collet_2_14-02-2025,8,0.13514808,0,0.1
drill_4mm_23_batch_01_collet_2_14-02-2025,9,0.12931892,0,0.1
drill_4mm_23_batch_01_collet_2_14-02-2025,10,0.026463784,0,0.1
drill_4mm_23_batch_01_collet_2_14-02-2025,11,0.024928655,0,0.1
drill_4mm_23_batch_01_collet_2_14-02-2025,12,0.07153412,0,0.1
drill_4mm_23_batch_01_collet_2_14-02-2025,13,0.06134442,0,0.1
drill_4mm_23_batch_01_collet_2_14-02-2025,14,0.028257206,0,0.1
drill_4mm_23_batch_01_collet_2_14-02-2025,15,0.042632718,0,0.1
drill_4mm_23_batch_01_collet_2_14-02-2025,16,0.082876384,0,0.1
drill_4mm_23_batch_01_collet_2_14-02-2025,17,0.06917026,0,0.1
drill_4mm_23_batch_01_collet_2_14-02-2025,18,0.11726787,0,0.1
drill_4mm_23_batch_01_collet_2_14-02-2025,19,0.102077134,0,0.1
drill_4mm_23_batch_01_collet_2_14-02-2025,20,0.14230448,0,0.1
drill_4mm_23_batch_01_collet_2_14-02-2025,21,0.1635986,0,0.1
drill_4mm_23_batch_01_collet_2_14-02-2025,22,0.09621359,0,0.1
drill_4mm_23_batch_01_collet_2_14-02-2025,23,0.13112935,0,0.1
drill_4mm_23_batch_01_collet_2_14-02-2025,24,0.22202338,0,0.1
drill_4mm_23_batch_01_collet_2_14-02-2025,25,0.3594659,0,0.1
drill_4mm_23_batch_01_collet_2_14-02-2025,26,0.9649858,0,0.1
drill_4mm_23_batch_01_collet_2_14-02-2025,27,0.91200286,0,0.1
drill_4mm_23_batch_01_collet_2_14-02-2025,28,0.9407346,0,0.1
drill_4mm_23_batch_01_collet_2_14-02-2025,29,0.27230215,0,0.1
drill_4mm_23_batch_01_collet_2_14-02-2025,30,0.06001787,0,0.1
drill_4mm_23_batch_01_collet_2_14-02-2025,31,0.0668457,0,0.1
drill_4mm_23_batch_01_collet_2_14-02-2025,32,0.10520382,0,0.1
drill_4mm_23_batch_01_collet_2_14-02-2025,33,0.8527427,1,0.1
drill_4mm_23_batch_01_collet_2_14-02-2025,34,0.8646806,1,0.1
drill_4mm_23_batch_01_collet_2_14-02-2025,35,0.6273178,1,0.1
drill_4mm_23_batch_01_collet_2_14-02-2025,36,0.41357085,1,0.1
drill_4mm_23_batch_01_collet_2_14-02-2025,37,0.043982737,1,0.1
drill_4mm_23_batch_01_collet_2_14-02-2025,38,0.036990877,1,0.1
drill_4mm_23_batch_01_collet_2_14-02-2025,39,0.98366076,1,0.1
drill_4mm_23_batch_01_collet_2_14-02-2025,40,0.30813047,1,0.1
