g1,g2,g3,g4,g5,f1
0.9240979851889966,0.7951811887255078,0.7239484962247935,0.15425220961461686,0.8837209480223523,0.16411238345959558
0.6731805102170167,0.08292899984238263,0.23267043101780116,0.728269689326077,0.8298747663150611,0.18195018110184602
0.08669196648463284,0.10295284624894471,0.2811256056956159,0.02562168842071989,0.8741044987079816,0.20498201367751973
0.5781802416673132,0.09009174493061393,0.5968040499591782,0.6896645161503522,0.9904833889944139,0.2043336562255873
0.2864424340735753,0.10718086881232183,0.5053444825505151,0.17501809935102702,0.9747481112754202,0.20310746499642765
0.2090922850059888,0.08372669343517826,0.32545161851901827,0.01283792226443676,1.0,0.2057731854577538
0.1176218466485734,0.10205350442201688,0.848186273723285,0.18169664995624363,0.8817613318473676,0.20860048309593018
0.0,0.08003521377417129,0.38171492014983155,0.1055691761554873,1.0,0.2047713821961908
0.0,0.10167092535393595,0.3814930769888508,0.05405515549114434,1.0,0.2047713821961908
0.0873971823349958,0.10602380194569407,0.3523854327714517,0.08146874058231354,0.9859256952955073,0.20928988640546403
0.0873971823349958,0.10602380194569407,0.3523854327714517,0.08146874058231354,0.9859256952955073,0.20928988640546403
0.0873971823349958,0.10602380194569407,0.3523854327714517,0.08146874058231354,0.9859256952955073,0.20928988640546403
0.03893167623670417,0.09543273573693824,0.4275335994020258,0.14768075769589678,1.0,0.20965565804292452
0.03893167623670417,0.09543273573693824,0.4275335994020258,0.14018810454731503,1.0,0.20965565804292452
0.03893167623670417,0.09543273573693824,0.4275335994020258,0.14018810454731503,1.0,0.20965565804292452
0.08741463495802942,0.0953487979797156,0.5591493282835899,0.1582935075175023,1.0,0.20990600439362161
0.08741463495802942,0.0953487979797156,0.45226236953440085,0.1582935075175023,1.0,0.21012668187348477
0.08741463495802942,0.0953487979797156,0.5591493282835899,0.1582935075175023,1.0,0.20990600439362161
0.09964142355068936,0.09316859707671801,0.19138976068404173,0.07828829365740059,0.9954973573444683,0.2091634243819457
0.03903139158114642,0.09527272883250056,0.3848483095822669,0.12544137897978963,1.0,0.20944382244826804
0.09964142355068936,0.093168597076718,0.19138976068404173,0.07828829365740059,0.9954973573444682,0.2091634243819457
0.09964142355068936,0.093168597076718,0.19138976068404176,0.07828829365740059,0.9954973573444682,0.2091634243819457
0.09964142355068936,0.07965082330809946,0.19138976068404173,0.07828829365740059,0.9954973573444682,0.2091634243819457
0.12823726236862593,0.09699370604896279,0.16289779430163343,0.12392290480895113,0.8497856354954275,0.213650485263855
0.09450184857889021,0.08359751926572875,0.20065697640143218,0.07690207174371909,0.9962230309464818,0.20935419632598537
0.09450184857889021,0.08359751926572875,0.20065697640143218,0.07690207174371909,0.9962230309464818,0.20935419632598537
0.03993308676640045,0.08652717480617277,0.3500674955392948,0.14022409923779475,1.0,0.20944382244826804
0.09446227126664641,0.08420324603464724,0.2022429830100155,0.06152998046050624,0.9962618814741435,0.20935419632598537
0.08735441984132081,0.09413999437204534,0.38003093002084987,0.11780262266757788,0.9987245788912258,0.20928988640546403
0.08733394354342386,0.09065897343355593,0.34821421568078914,0.09216186645930939,0.9956687280540804,0.20928988640546403
0.08666708172129371,0.08892448343341502,0.37557724066899406,0.12685526927403362,0.9958010651398456,0.20928988640546403
0.08734261501203003,0.09154451105961911,0.4419300890247546,0.2441432346976317,1.0,0.21012668187348477
0.08734261501203003,0.09154451105961911,0.4419300890247546,0.2441432346976317,1.0,0.21012668187348477
0.08734261501203003,0.09154451105961911,0.4419300890247546,0.2441432346976317,1.0,0.21012668187348477
0.08734261501203003,0.09154451105961911,0.4419300890247546,0.2441432346976317,1.0,0.21012668187348477
0.08734261501203003,0.09154451105961911,0.4419300890247546,0.2441432346976317,1.0,0.21012668187348477
0.08734261501203003,0.09154451105961911,0.4419300890247546,0.2441432346976317,1.0,0.21012668187348477
0.012538664335269137,0.08881682109502417,0.3458775136013686,0.30015591155889965,1.0,0.2142145409191582
0.012538664335269137,0.08881682109502417,0.3458775136013686,0.30015591155889965,1.0,0.2142145409191582
0.012538664335269137,0.08881682109502417,0.3458775136013686,0.30015591155889965,1.0,0.2142145409191582
0.012538664335269137,0.08881682109502417,0.3458775136013686,0.30015591155889965,1.0,0.2142145409191582
0.012538664335269137,0.08881682109502417,0.3458775136013686,0.30015591155889965,1.0,0.2142145409191582
0.012538664335269137,0.08881682109502417,0.3458775136013686,0.30015591155889965,1.0,0.2142145409191582
0.055054123869604746,0.08959305742483004,0.44395007622276683,0.2051378480501701,1.0,0.2144278576494484
0.0536520031640203,0.08895359845358304,0.4195976204878888,0.22454136851599354,1.0,0.2144278576494484
0.055054123869604746,0.08959305742483004,0.44395007622276683,0.2051378480501701,1.0,0.2144278576494484
0.055054123869604746,0.08959305742483004,0.44395007622276683,0.2051378480501701,1.0,0.2144278576494484
0.055092763805074725,0.08982794619689778,0.40568548247684033,0.22290604615828477,1.0,0.2144278576494484
0.05371183435087622,0.08959599239618954,0.4406955459676487,0.21541196829910905,1.0,0.2144278576494484
0.055092763805074725,0.08982794619689778,0.40568548247684033,0.22290604615828477,1.0,0.2144278576494484
0.06178294913472461,0.08951087536305538,0.454812259220942,0.2230993571725839,1.0,0.21485495119875395
0.06178294913472461,0.08679490744477825,0.454812259220942,0.2230993571725839,1.0,0.21485495119875395
0.06097280172120178,0.0895112985358758,0.45207579306931467,0.22346690596737054,1.0,0.21485495119875395
0.05496923678133038,0.08958702525490557,0.36814412173150945,0.2186570768193238,1.0,0.2144278576494484
0.055036579287155045,0.08957800150930384,0.5815016946012588,0.21054630080596198,1.0,0.21486745597592177
0.05511614536776116,0.08957825615276026,0.6034598154346799,0.21727051278107676,1.0,0.21486745597592177
0.05511614536776116,0.08957825615276026,0.6034598154346799,0.21727051278107676,1.0,0.21486745597592177
0.05486848283031719,0.08981008711663005,0.5772674195835336,0.18468774921992323,1.0,0.21486745597592177
0.05507535575892321,0.08957800994429314,0.5914850305617855,0.18014401716247086,1.0,0.21486745597592177
0.05504536780372076,0.09159756227552576,0.5865466621072352,0.21531520081588906,1.0,0.21486745597592177
0.055056511273038754,0.08854622141036633,0.5910546906095612,0.1686741515576732,1.0,0.21486745597592177
0.055085605311025215,0.09209421511168586,0.571291799403471,0.189466756910672,1.0,0.21486745597592177
0.0550875746429187,0.09701161570169409,0.5788063765998782,0.26043245816286203,1.0,0.21486745597592177
0.05506068699054176,0.0921985127547756,0.6765582730898968,0.19829356248818547,1.0,0.21486745597592177
0.06213494434079565,0.09011388202634191,0.7492715724304273,0.1482315417726125,1.0,0.21529949572357854
0.06213494434079565,0.09011388202634191,0.7492715724304273,0.1482315417726125,1.0,0.21529949572357854
0.06213494434079565,0.09011388202634191,0.7492715724304273,0.1482315417726125,1.0,0.21529949572357854
0.0618385294423303,0.09020048975086409,0.7523368858948443,0.1714502492083792,1.0,0.21529949572357854
0.06213494434079565,0.09011388202634191,0.7492715724304273,0.1482315417726125,1.0,0.21529949572357854
0.06087375390409554,0.08941644012184932,0.6265639839001655,0.15088628382109615,1.0,0.21529949572357854
0.06178668000361129,0.09035849701828123,0.6158638127688036,0.15487601402527182,1.0,0.21529949572357854
0.06147009262417582,0.08933321862528897,0.7537715996112594,0.20542798412420307,1.0,0.21529949572357854
0.06090682409149758,0.089309191324194,0.6138784568280066,0.15669246813354987,1.0,0.21529949572357854
0.061681984637611376,0.08987935429728962,0.6416445974084988,0.16125825146157352,1.0,0.21529949572357854
0.061550308834672274,0.08937770898104588,0.6498669434546483,0.1884956850741351,1.0,0.21529949572357854
0.06126688891053622,0.0894096277542654,0.6424298401623609,0.1688642234736275,1.0,0.21529949572357854
0.06129474926632948,0.08970708760968427,0.6370746426799134,0.176162171499191,1.0,0.21529949572357854
0.061347446988103876,0.08975559249548616,0.6509118882649925,0.15525426434558953,1.0,0.21529949572357854
0.06121394622640597,0.0897017838169901,0.6643967279596864,0.1875722592128442,1.0,0.21529949572357854
0.061345607986455164,0.10554632706382634,0.66206811081784,0.21719951334000823,1.0,0.21529949572357854
0.06154373331130442,0.08970474120926418,0.6790693414744564,0.20498221814643564,1.0,0.21529949572357854
0.06135508200275808,0.0896008659884234,0.655688397017761,0.16182743752508857,1.0,0.21529949572357854
0.06153848275030059,0.08970372351166506,0.6688395075298076,0.1786192352280751,1.0,0.21529949572357854
0.06063875652390195,0.0915689157623757,0.6798979098280717,0.18574760021473058,1.0,0.21529949572357854
0.06116979211116797,0.08959418297576206,0.6967197202515417,0.162055676782592,1.0,0.21529949572357854
0.0610728691232099,0.09073779062025071,0.677269976536579,0.18767275360485103,1.0,0.21529949572357854
0.06126620439654247,0.08961323835359666,0.6893623806308999,0.17003282647800722,1.0,0.21529949572357854
0.06139174425037604,0.09016655656358001,0.7004049738933243,0.1753663976588502,1.0,0.21529949572357854
0.06095147269719303,0.08940046337628776,0.6914272837398453,0.17212545879559052,1.0,0.21529949572357854
0.06111939997871108,0.08996163469111382,0.673519206513691,0.16242774346553102,1.0,0.21529949572357854
0.061146589607698046,0.08968197417509728,0.7031792495020585,0.19486508082009493,1.0,0.21529949572357854
0.06102185777551486,0.08959910386237635,0.6770655956518636,0.1655433716397412,1.0,0.21529949572357854
0.06114795144165359,0.08974786260316182,0.7754867362965044,0.19434190652755529,1.0,0.21529949572357854
0.060918434048361524,0.10037722062818806,0.7774108112319933,0.3135093915939555,1.0,0.21529949572357854
0.06110155091819604,0.08972643482970344,0.6606067677014548,0.19876419109593144,1.0,0.21529949572357854
0.06110258231715046,0.08893486240995842,0.7215558305644809,0.18141667951687301,1.0,0.21529949572357854
0.060952695163120275,0.08967181446190317,0.7017940738893437,0.24772214298634115,1.0,0.21529949572357854
0.06108588159546759,0.08954956227979799,0.7199152722953361,0.17878399253967842,1.0,0.21529949572357854
0.06116227461339105,0.08958954260480842,0.7368151880347438,0.19166091471590244,1.0,0.21529949572357854
0.06106466280523468,0.08952252692581537,0.7624762651403187,0.18850740864356158,1.0,0.21529949572357854
